{
  "\"Bestefar\"": "/Game/Items/Snails/TerrariumSnail_Glacio",
  "\"Enoki\"": "/Game/Items/Snails/TerrariumSnail_Atrox",
  "\"Princess\"": "/Game/Items/Snails/TerrariumSnail_Vesania",
  "\"Rogal\"": "/Game/Items/Snails/TerrariumSnail_Novus",
  "\"Stilgar\"": "/Game/Items/Snails/TerrariumSnail_Calidor",
  "\"Sylvie\"": "/Game/Items/Snails/TerrariumSnail_Sylva",
  "\"Usagi\"": "/Game/Items/Snails/TerrariumSnail_Desolo",
  "“Misplaced” Cargo": "/Game/Components/Events/EXO_Cares/Item_Wreckage_HazardousContainer_A",
  "[[/-&>++/\\": "/Game/Items/Missions/RiftAnchor_RailsA",
  "[]0]\\ ==~|}/! ]{ \\": "/Game/Items/Missions/RiftAnchor_RailsC",
  "{(}]]~]]&/-% %/~^#)": "/Game/Items/Missions/RiftAnchor_RailsB",
  "{*^]<}/?@(!]]": "/Game/Items/Snails/MissionItems/Snails_RiftAnchor",
  "</-/4|\\|4>": "/Game/Scenarios/Limited/2024_LTE_Spring/Spring_EventItem1_BP",
  "Aero": "/Game/Components_Small/CreativeDrone/CreativeDrone",
  "Alignment Mod": "/Game/Components_Small/Augment_FixedAlignment",
  "Alpha Gateway Terminal Access Slot": "/Game/U32_Expansion/Puzzles/CounterhackKeyhole_BASE",
  "Alpha Rootkit": "/Game/U32_Expansion/Items/RootKit/GW_RootKit",
  "Alpha Shard": "/Game/U32_Expansion/ProceduralGenerationAssets/PlacementActors/Gateways/ChamberRepair_Fragment_Base",
  "Alpha Storm Data": "/Game/U32_Expansion/Items/Resources/ResourceNugget_StormData_01",
  "Alpha Vault": [
    "/Game/U32_Expansion/Puzzles/RootAccessVaultComplete_BASE",
    "/Game/U32_Expansion/Puzzles/RootAccessVault_BASE"
  ],
  "Alpha Vault Key": "/Game/U32_Expansion/Puzzles/VaultPartBase",
  "Aluminum": "/Game/Items/Nuggets/ResourceNugget9",
  "Aluminum Alloy": "/Game/Items/Nuggets/Catalyzed/ResourceNugget_AluminumAlloy",
  "Amaize Seed": "/Game/Scenarios/Limited/2024_LTE_Fall/Fall_2024_Seed_Resipound_BP",
  "Ammonium": "/Game/Items/Nuggets/ResourceNugget10b",
  "Arctichoke Seed": "/Game/U36_Expansion/Items/Seeds/Seed_Harvestable_Artichoke",
  "Argon": "/Game/Items/ConsumableGasCanister",
  "Astral Figurine": "/Game/Scenarios/Limited/2020_LTE_Holiday/HolidayGift_Figurine1",
  "Astronium": "/Game/Items/Nuggets/ResourceNugget8b",
  "Atmospheric Condenser": "/Game/Components_Large/AtmosphericCondenser",
  "Attactus Sample": "/Game/Scenarios/Research_Items/Content/ResearchableItems/ResearchableItem_Shooter_02",
  "Attapetrol": "/Game/Scenarios/Limited/2020_LTE_Halloween/ResourceCanister_2020_LTE_Halloween",
  "Auto Arm": "/Game/Components_Medium/AutoCrane/AutoCraneMedium_BP",
  "Auto Extractor": "/Game/Components_Large/ResourceExtractor/ResourceExtractorLarge_BP",
  "Auto-Fertilizer": "/Game/U36_Expansion/PROTO_ASSETS/Biodome/BP_Biodome_Fertiliser",
  "Auto-Harvester": "/Game/U36_Expansion/PROTO_ASSETS/Biodome/BP_Biodome_Harvester",
  "Auto-Planter": "/Game/U36_Expansion/PROTO_ASSETS/Biodome/BP_Biodome_SeedLauncher",
  "Automaton 001": "/Game/Components_Small/HolidayLTE_2019/HolidayGift_Robot1",
  "Automaton 002": "/Game/Components_Small/HolidayLTE_2019/HolidayGift_Robot2",
  "Automaton 009": "/Game/Scenarios/Limited/2024_LTE_Anniversary/Anniversary_Item7_BP",
  "Backpack Printer Plinth": "/Game/Components_Medium/1B-BackpackPrinterCheatPlinth",
  "Battery Sensor": "/Game/Components/Actuators/Actuator_Battery",
  "Beach Ball": "/Game/Components_Large/Object_Ball_Beach_LargeB_BP",
  "Beacon": "/Game/Components_Small/Beacon_Small_Item",
  "Biodome": "/Game/U36_Expansion/PROTO_ASSETS/Biodome/BP_MS_Biodome",
  "Biodome Expansion": [
    "/Game/U36_Expansion/PROTO_ASSETS/Biodome/BP_Biodome_Expansion",
    "/Game/U36_Expansion/PROTO_ASSETS/Biodome/BP_Biodome_ExpansionSlotIndicator"
  ],
  "Blue Firework": "/Game/Components_Medium/Fireworks/Firework_Rocket_Base_Blue",
  "Boost Mod": "/Game/Components_Small/Augment_PerformanceBoost",
  "Bouncevine Seed": "/Game/Decorators/Hazards/Seeds/Seed_Bouncer_Vines",
  "Bubbulb Seed": "/Game/U36_Expansion/Items/Seeds/Seed_Harvestable_Bubbulb",
  "Buggy": "/Game/Vehicles/RoverT2",
  "Burn Book": "/Game/U32_Expansion/Items/LynLogs/LynLog1",
  "Burrito?": "/Game/Scenarios/Limited/2024_LTE_Anniversary/Anniversary_Item5_BP",
  "Button Repeater": "/Game/Components/Actuators/Actuator_Button",
  "C.O.L.E.": [
    "/Game/Vehicles/Rails/PackagedItem_T2_RailCar_EnginePersonal",
    "/Game/Vehicles/Rails/RailCar_Engine_Personal"
  ],
  "Cable Splitter": "/Game/Slots/Pads/Transformer_BASE",
  "Cactile Seed": "/Game/Decorators/Hazards/Seeds/Seed_Tappable_Arid_Cactus_a",
  "Carbon": "/Game/Items/Nuggets/Smelted/ResourceNugget_Carbon",
  "Cassiterite": "/Game/Items/Nuggets/Mined/ResourceNugget_Cassiterite",
  "Cauldrangea Roots": [
    "/Game/Scenarios/Limited/2020_LTE_Halloween/Platform_2020_LTE_Halloween_T3x1_P4",
    "/Game/Scenarios/Limited/2020_LTE_Halloween/Platform_2020_LTE_Halloween_T3x1_P4_Base",
    "/Game/Scenarios/Limited/2021_LTE_Halloween/Platform_2021_LTE_Halloween_T3x1_P4_ColorVar1",
    "/Game/Scenarios/Limited/2021_LTE_Halloween/Platform_2021_LTE_Halloween_T3x1_P4_ColorVar2"
  ],
  "Ceramic": "/Game/Items/Nuggets/Smelted/ResourceNugget_Ceramic",
  "Chemistry Lab": "/Game/Components_Large/ResourceCombiner",
  "Clay": "/Game/Items/Nuggets/Mined/ResourceNugget_Clay",
  "Coal": "/Game/Items/Nuggets/ResourceNugget10",
  "Compound": "/Game/Items/Nuggets/ResourceNugget8",
  "Conepod Seed": "/Game/U36_Expansion/Items/Seeds/Seed_Harvestable_Nubcap",
  "Construction Anchor Landing Pad": "/Game/U36_Expansion/PROTO_ASSETS/Wreck/BP_MS_DeployableAnchorLandingPad",
  "Copper": "/Game/Items/Nuggets/ResourceNugget9b",
  "Cosmic Automaton": "/Game/Scenarios/Limited/2024_LTE_Anniversary/Anniversary_Item1_BP",
  "Cosmic Bauble": "/Game/Scenarios/Limited/2020_LTE_Holiday/HolidayGift_Bauble1",
  "Cosmic Squash": "/Game/Scenarios/Limited/2024_LTE_Anniversary/Anniversary_Item3_BP",
  "Count Repeater": "/Game/Components/Actuators/Actuator_Counter",
  "Counterhack Key Alpha": "/Game/U32_Expansion/Items/CounterHackKey/GW_CounterHackKey_Base",
  "Crane": "/Game/Components_Large/CraneLarge",
  "Crumbling Stone": "/Game/Scenarios/POIs/Destructibles/Destructible_PlacementActor_Base_BoulderStone",
  "Cubic Object": "/Game/Components_Small/HolidayLTE_2019/HolidayGift_Block1",
  "Curious Item": "/Game/Components_Small/Skybreaker",
  "Curious Sturdysquash": "/Game/Scenarios/Limited/Pumpkins/Pumpkin_Offspring_01_ColorVar4_BP",
  "Daggeroot Seed": "/Game/Decorators/Hazards/Seeds/Seed_Spiker",
  "Data Circuit Model A 1/5": "/Game/Scenarios/Limited/2024_LTE_Anniversary/Anniversary_Lore1_BP",
  "Debris Bundle": "/Game/Components_Small/Bundles/DebrisBundle",
  "Delay Repeater": "/Game/Components/Actuators/Actuator_Timer",
  "Delta Storm Data": "/Game/U32_Expansion/Items/Resources/ResourceNugget_StormData_02",
  "Dewtrunk Seed": "/Game/U36_Expansion/Items/Seeds/Seed_Harvestable_Dewtrunk",
  "Diamond": "/Game/Items/Nuggets/Catalyzed/ResourceNugget_Diamond",
  "Display Case": [
    "/Game/U36_Expansion/MegaStructures/Museum/BP_MuseumDisplayCaseShelf_T1",
    "/Game/U36_Expansion/MegaStructures/Museum/BP_MuseumDisplayCaseShelf_T2"
  ],
  "Display Case Platform": "/Game/U36_Expansion/MegaStructures/Museum/BP_Museum_DisplayCase",
  "Distribution Launcher System (DLS) ": "/Game/U36_Expansion/PROTO_ASSETS/Wreck/BP_MS_Wreck",
  "DLS Construction Anchor": "/Game/U36_Expansion/MegaStructures/Anchor/BP_MS_Anchor",
  "Drill Head": "/Game/Components_Medium/VehicleDrill_Base",
  "Drill Mod 1": "/Game/Components_Medium/Drills_HardTerrain/Augment_HardTerrain_1",
  "Drill Mod 2": "/Game/Components_Medium/Drills_HardTerrain/Augment_HardTerrain_2",
  "Drill Mod 3": "/Game/Components_Medium/Drills_HardTerrain/Augment_HardTerrain_3",
  "Drill Strength 1": "/Game/Components_Medium/Drills_HardTerrain/Drill_T2_HardTerrain_1",
  "Drill Strength 2": "/Game/Components_Medium/Drills_HardTerrain/Drill_T2_HardTerrain_2",
  "Drill Strength 3": "/Game/Components_Medium/Drills_HardTerrain/Drill_T2_HardTerrain_3",
  "Dropship": "/Game/Components_Medium/Dropship",
  "Dynamite": "/Game/Components_Small/Dynamite",
  "Empty Terrarium": [
    "/Game/Items/Snails/MissionItems/TerrariumEmpty_Atrox",
    "/Game/Items/Snails/MissionItems/TerrariumEmpty_Calidor",
    "/Game/Items/Snails/MissionItems/TerrariumEmpty_Desolo",
    "/Game/Items/Snails/MissionItems/TerrariumEmpty_Glacio",
    "/Game/Items/Snails/MissionItems/TerrariumEmpty_Novus",
    "/Game/Items/Snails/MissionItems/TerrariumEmpty_Sylva",
    "/Game/Items/Snails/MissionItems/TerrariumEmpty_Vesania"
  ],
  "EVA": "/Game/Items/Snails/TerrariumFox_Eva",
  "EXO Cache": [
    "/Game/Scenarios/POIs/Destructibles/Destructible_PlacementActor_DataCache_EXOChip",
    "/Game/Scenarios/Limited/2024_LTE_Anniversary/PlacementObjects/DataCaches/Destructible_PlacementActor_DataCache_ALTE_S3"
  ],
  "EXO Chip": "/Game/Items/Nuggets/ResourceNugget_ExoChip",
  "EXO Dynamics Research Aid": [
    "/Game/Scenarios/Puzzles/World/Puzzle_Base_Consume",
    "/Game/Scenarios/Puzzles/World/Puzzle_Base_PowerLimit",
    "/Game/Scenarios/Puzzles/World/Puzzle_Base_PowerMax"
  ],
  "EXO Request Platform": "/Game/Components_Large/ExoRequestModule",
  "Explosive Powder": "/Game/Items/Nuggets/Catalyzed/ResourceNugget_ExplosivePowder",
  "Extra Large Curved Platform": "/Game/Slots/Pads/platform_curve_t3x2_t2x1_p4_BP",
  "Extra Large Platform A": "/Game/Slots/Pads/Platform_Standard_T4x1_P8",
  "Extra Large Platform B": "/Game/Slots/Pads/Platform_Standard_T2x10_P4",
  "Extra Large Platform C": "/Game/Slots/Pads/Platform_Standard_T4x1_T3x2_P4",
  "Extra Large Resource Canister": "/Game/Items/Canisters/ExtraLargeResourceCanister_BP",
  "Extra Large Shredder": "/Game/Components_XL/Shredder_T4",
  "Extra Large Storage": "/Game/Components_XL/Storage_XL_T1x31",
  "Fault Finder": [
    "/Game/Items/FaultFinder/FaultFinder_Align_BP",
    "/Game/Items/FaultFinder/FaultFinder_Full_Align"
  ],
  "Field Shelter": "/Game/Components_Medium/Shelter_T2_BP",
  "Figurine Platform": "/Game/Slots/Pads/Platform_Standard_T1x64",
  "Finwheel Seed": "/Game/U36_Expansion/Items/Seeds/Seed_Harvestable_FinWheel",
  "Fireworks": [
    "/Game/Components_Medium/Firework_Rocket",
    "/Game/U36_Expansion/Items/Missions/BP_Firework_FinalReward"
  ],
  "Floodlight": "/Game/Components_Small/FloodLight_BP",
  "Fractal Rose Seed": "/Game/Decorators/Hazards/Seeds/Seed_FractalRose",
  "Fuel Condenser": "/Game/Components_Large/Condenser_Large",
  "Geometric Triptych": [
    "/Game/Items/GateTech/GatewayKey_Base",
    "/Game/Items/GateTech/GatewayKey_Arid",
    "/Game/Items/GateTech/GatewayKey_Exotic",
    "/Game/Items/GateTech/GatewayKey_ExoticMoon",
    "/Game/Items/GateTech/GatewayKey_Radiated",
    "/Game/Items/GateTech/GatewayKey_Terran",
    "/Game/Items/GateTech/GatewayKey_TerranMoon",
    "/Game/Items/GateTech/GatewayKey_Tundra"
  ],
  "Geothermal": "/Game/Components_Medium/Geothermal_Medium",
  "Glass": "/Game/Items/Nuggets/Smelted/ResourceNugget_Glass",
  "Glitch Portal": "/Game/U32_Expansion/Items/PortalSpawner/GlitchwalkerPortal",
  "Glitch Portal Anchor": "/Game/U32_Expansion/Items/PortalSpawner/GlitchwalkerPortalSpawner",
  "Glitch Shelter": [
    "/Game/U32_Expansion/Items/GlitchShelter/GlitchShelter_T4_Starter_Cosmetic",
    "/Game/U32_Expansion/Items/GlitchShelter/GlitchShelter_T4_Starter"
  ],
  "Glowstick": "/Game/Components_Small/Glowsticks/Glowstick_Single",
  "Glowsticks": "/Game/Components_Small/Glowsticks/Glowstick_Bundle",
  "Graphene": "/Game/Items/Nuggets/Catalyzed/ResourceNugget_Graphene",
  "Graphene Alloy": "/Game/Items/Nuggets/Catalyzed/ResourceNugget_TitaniumAlloy",
  "Graphite": "/Game/Items/Nuggets/Mined/ResourceNugget_Graphite",
  "Gravity Globe": "/Game/Vehicles/GravitySphere/GravitySphere_BP",
  "Green Firework": "/Game/Components_Medium/Fireworks/Firework_Rocket_Base_Green",
  "Helium": "/Game/Items/ConsumableGasCanister",
  "Helmet Lava Lamp": "/Game/U36_Expansion/Items/Decorations/LavaLamp/BP_Decorations_LavaLamp_Helmet",
  "Hematite": "/Game/Items/Nuggets/NewResourcesPlaceholder/ResourceNugget_Hematite",
  "Holographic Figurine": "/Game/Components_Small/Chesspieces/EXO_Chesspiece_BP",
  "Honeypot Seed": "/Game/Decorators/Hazards/Seeds/Seed_Tappable_Radiated_Tree_a",
  "Hornstalk Seed": "/Game/U36_Expansion/Items/Seeds/Seed_Harvestable_Hornstalk",
  "Hoverboard": "/Game/Vehicles/Hoverboard_BP",
  "Hubble Space Telescope": "/Game/Scenarios/Wanderer/Wanderer_Probe_HST",
  "Hybrid Rose Seed": "/Game/Decorators/Hazards/Seeds/Seed_SuperRose",
  "Hydrazine": "/Game/Items/ConsumableLiquidCanister",
  "Hydrazine Catalyzer": "/Game/Components_Large/CrystalRefinery_Large",
  "Hydrazine Jet Pack": "/Game/Components_Small/Jetpacks/HydrazineJetpack_BP",
  "Hydrazine Thruster": "/Game/Components_Medium/Thruster_Medium",
  "Hydrogen": "/Game/Items/ConsumableGasCanister",
  "Ice Chunk": "/Game/Scenarios/POIs/Destructibles/Destructible_PlacementActor_Base_BoulderIce",
  "Icon Sign": "/Game/U36_Expansion/Items/IconSignPost/BP_IconSignPost",
  "Ingredient Plinth": "/Game/Components_Medium/1B-IngredientPlinth",
  "Inhibitor Mod": "/Game/Components_Small/Augment_Inhibitor",
  "Intermodal Terminal": "/Game/U36_Expansion/MegaStructures/Logistics_Complex/BP_LogisticsComplex",
  "Iron": "/Game/Items/Nuggets/NewResourcesPlaceholder/ResourceNugget_Iron",
  "Jasper Bishop": "/Game/Components_Small/Chesspieces/World_Chesspiece_Bishop02_BP",
  "Jasper King": "/Game/Components_Small/Chesspieces/World_Chesspiece_King02_BP",
  "Jasper Knight": "/Game/Components_Small/Chesspieces/World_Chesspiece_Knight02_BP",
  "Jasper Pawn": "/Game/Components_Small/Chesspieces/World_Chesspiece_Pawn02_BP",
  "Jasper Queen": "/Game/Components_Small/Chesspieces/World_Chesspiece_Queen02_BP",
  "Jasper Rook": "/Game/Components_Small/Chesspieces/World_Chesspiece_Rook02_BP",
  "Kepler Space Telescope": "/Game/Scenarios/Wanderer/Wanderer_Probe_KST",
  "Knobbly Sturdysquash": "/Game/Scenarios/Limited/Pumpkins/Pumpkin_Mega_BP",
  "Landing Pad": "/Game/Items/DeployableLandingPad/DeployableLandingPad",
  "Lapis Bishop": "/Game/Components_Small/Chesspieces/World_Chesspiece_Bishop01_BP",
  "Lapis King": "/Game/Components_Small/Chesspieces/World_Chesspiece_King01_BP",
  "Lapis Knight": "/Game/Components_Small/Chesspieces/World_Chesspiece_Knight01_BP",
  "Lapis Pawn": "/Game/Components_Small/Chesspieces/World_Chesspiece_Pawn01_BP",
  "Lapis Queen": "/Game/Components_Small/Chesspieces/World_Chesspiece_Queen01_BP",
  "Lapis Rook": "/Game/Components_Small/Chesspieces/World_Chesspiece_Rook01_BP",
  "Large Active Storage": "/Game/Components_Medium/Storage_rack_T2_t1x15_a1x16_BP",
  "Large Battery": "/Game/Components_Medium/Battery_Large_BP",
  "Large Canister Ingredient Plinth": "/Game/Components_Medium/CheatPlinth_LargeCanister",
  "Large Curved Platform": "/Game/Slots/Pads/Platfrom_Curve_T3x1_P4",
  "Large Extended Platform": "/Game/Slots/Pads/Platform_Long_T2x2_P6_BP",
  "Large Fluid & Soil Canister": [
    "/Game/Items/ResourceCanister_Fixed_T3",
    "/Game/Items/ResourceCanister_Reusable_T3"
  ],
  "Large Fog Horn": "/Game/Components/Horns/Horn_T3-01_BP",
  "Large Gas Canister": "/Game/Items/Canisters/LargeGasCanister_BP",
  "Large Platform A": "/Game/Slots/Pads/Platform_Standard_T3x1_P4",
  "Large Platform B": [
    "/Game/Slots/Pads/Breadboard_T3",
    "/Game/Scenarios/POIs/Modern/Actors/Base/ModernPOI_Breadboard_Partial_T3_BASE"
  ],
  "Large Platform C": "/Game/Slots/Pads/Platform_Standard_T3x1_T1x20_P4",
  "Large Print Filter": "/Game/Components_Medium/PrinterCatagoryFilter_Plinth_T3",
  "Large Printer": "/Game/Components_Large/Printer_Breadboards_T3",
  "Large Printer Plinth": "/Game/Components_Medium/1B-T3PrinterCheatPlinth",
  "Large Resource Canister": "/Game/Items/Canisters/LargeResourceCanister_BP",
  "Large Rover": "/Game/Vehicles/Rover_XL",
  "Large Rover Seat": "/Game/Components_Large/Seat3_Large",
  "Large Rover Seat B": "/Game/Components_Large/Seat3_Large_B",
  "Large Sensor Hoop A": "/Game/Slots/Pads/Platform_Ring_t1x6_p2",
  "Large Sensor Hoop B": "/Game/Slots/Pads/Platform_Ring_t1x6_p4",
  "Large Sensor Ring": "/Game/Components_Large/Storage_Ring_t2_t1x6",
  "Large Shredder": "/Game/Components_Large/Shredder/Shredder_T3",
  "Large Shuttle": "/Game/Vehicles/Shuttle_T4_ThrusterSlot",
  "Large Shuttle Seat": "/Game/Components_Large/Seat3_Large_SS",
  "Large Solar Panel": "/Game/Components_Large/Solar_Large_BP",
  "Large Stacked Platform": "/Game/Slots/Pads/Platform_Standard_T3x1x2_P4",
  "Large Starship Horn": "/Game/Components/Horns/Horn_T3-02_BP",
  "Large Storage": "/Game/Components_Large/Storage_Large",
  "Large Storage Silo A": "/Game/Components_Large/Storage_Tall_T3_T2x8_BP",
  "Large Storage Silo B": "/Game/Components_Large/Storage_Tall_T3_T2x12_BP",
  "Large T-Platform": "/Game/Slots/Pads/Platform_T_T3x2_BP",
  "Large Wind Turbine": "/Game/Components_Large/Wind_Large_BP",
  "Lashleaf Seed": "/Game/Decorators/Hazards/Seeds/Seed_Bouncer_Tongue",
  "Laterite": "/Game/Items/Nuggets/ResourceNugget4",
  "Lava Lamp": "/Game/U36_Expansion/Items/Decorations/LavaLamp/BP_Decorations_LavaLamp",
  "Leek": "/Game/Scenarios/Limited/2024_LTE_Anniversary/Anniversary_Ingredient2_BP",
  "Leisurely Cauldrangea": "/Game/Scenarios/Limited/2020_LTE_Halloween/ItemConverter_2020_LTE_Halloween",
  "Leveling Block": "/Game/Components_Terrain/LevelingBlock",
  "Lithium": "/Game/Items/Nuggets/ResourceNugget15a",
  "Logistics Depot: Calidor": "/Game/Items/Missions/RailDepotB",
  "Logistics Depot: Glacio": "/Game/Items/Missions/RailDepotA",
  "Logistics Depot: Sylva": "/Game/Items/Missions/RailDepotC",
  "LRD Zebra": "/Game/Scenarios/Manmade/Soccer_Ball",
  "Malachite": "/Game/Items/Nuggets/ResourceNugget7",
  "Mariner X Probe": "/Game/Scenarios/Wanderer/Wanderer_Probe_MX",
  "MAT": [
    "/Game/Scenarios/Puzzles/World/PuzzleCommTower_Request_Base",
    "/Game/Scenarios/Puzzles/World/PuzzleCommTower_Request_MissionA",
    "/Game/Scenarios/Puzzles/World/PuzzleCommTower_Request_MissionB"
  ],
  "Medium Battery": "/Game/Components_Medium/Battery_Medium",
  "Medium Buggy Horn": "/Game/Components/Horns/Horn_T2-01_BP",
  "Medium Canister Ingredient Plinth": "/Game/Components_Medium/CheatPlinth_MediumCanister",
  "Medium Fluid & Soil Canister": "/Game/Items/ResourceCanister_Reusable_T2",
  "Medium Gas Canister": "/Game/Items/Canisters/MediumGasCanister_BP",
  "Medium Generator": "/Game/Components_Medium/Generator_Medium",
  "Medium Platform A": "/Game/Slots/Pads/Platform_Standard_T2x1_P4",
  "Medium Platform B": "/Game/Slots/Pads/Breadboard_BASE",
  "Medium Platform C": "/Game/Slots/Pads/Platform_Standard_T2x1_P3_BP",
  "Medium Print Filter": "/Game/Components_Medium/PrinterCatagoryFilter_Plinth_T2",
  "Medium Printer": "/Game/Components_Medium/Printer_Breadboards_T2",
  "Medium Printer Plinth": "/Game/Components_Medium/1B-T2PrinterCheatPlinth",
  "Medium Resource Canister": "/Game/Items/Canisters/MediumResourceCanister_BP",
  "Medium Rover": "/Game/Vehicles/Rover_Large",
  "Medium Sensor Arch": "/Game/Slots/Pads/Platform_Arch_t1x6",
  "Medium Shredder": "/Game/Components_Medium/Shredder_T2",
  "Medium Shuttle": "/Game/Vehicles/Shuttle_T3_ThrusterSlot",
  "Medium Solar Panel": "/Game/Components_Medium/Solar_Medium",
  "Medium Stacked Platform": "/Game/Slots/Pads/Platform_Standard_T2x1x2_P4",
  "Medium Storage": "/Game/Components_Medium/Storage_Medium",
  "Medium Storage Silo": "/Game/Components_Medium/Storage_Tall_T2_T1x24_BP",
  "Medium T-Platform": "/Game/Slots/Pads/Platform_T_T2x2_BP",
  "Medium Truck Horn": "/Game/Components/Horns/Horn_T2-02_BP",
  "Medium Wind Turbine": "/Game/Components_Medium/Wind_Medium",
  "Mega-Arctichoke Seed": "/Game/U36_Expansion/Items/Seeds/MegaSeeds/Seed_Harvestable_Artichoke_Mega",
  "Mega-Bubbulb Seed": "/Game/U36_Expansion/Items/Seeds/MegaSeeds/Seed_Harvestable_Bubbulb_Mega",
  "Mega-Conepod Seed": "/Game/U36_Expansion/Items/Seeds/MegaSeeds/Seed_Harvestable_Conepod_Mega",
  "Mega-Deconstructor": "/Game/U36_Expansion/Items/Megadeconstructor/BP_MegaStructureDeconstructor",
  "Mega-Dewtrunk Seed": "/Game/U36_Expansion/Items/Seeds/MegaSeeds/Seed_Harvestable_Dewtrunk_Mega",
  "Mega-Finwheel Seed": "/Game/U36_Expansion/Items/Seeds/MegaSeeds/Seed_Harvestable_FinWheel_Mega",
  "Mega-Hornstalk Seed": "/Game/U36_Expansion/Items/Seeds/MegaSeeds/Seed_Harvestable_Hornstalk_Mega",
  "Mega-Mini Training Shuttle": "/Game/U36_Expansion/Items/Shuttle/BP_PersonalBeepyShuttle",
  "Mega-Nubcap Seed": "/Game/U36_Expansion/Items/Seeds/MegaSeeds/Seed_Harvestable_Nubcap_Mega",
  "Mega-Oxygenator": "/Game/U36_Expansion/PROTO_ASSETS/Biodome/BP_Biodome_OxygenExtractor",
  "Mega-Printer Drone": "/Game/U36_Expansion/MegaStructures/Anchor/BP_MS_Anchor_DronePrinter",
  "Mega-Printer Platform": "/Game/U36_Expansion/MegaStructures/Anchor/BP_MS_Anchor_BuildingPlatform",
  "Mega-Terrain Platform": "/Game/U36_Expansion/MegaStructures/OrbitalPlatform/BP_MegaModule_TrueFlatPlatform",
  "Megastructure Component Printer": "/Game/U36_Expansion/MegaStructures/Vending_Machine/BP_VendingMachine",
  "Melodic Mushroom": "/Game/U36_Expansion/Items/MusicalMushroom/BP_MusicalMushroom",
  "Methane": "/Game/Items/ConsumableGasCanister",
  "Mineral Extractor": "/Game/Components_Large/SedimentFilter_Large",
  "Model Planet": "/Game/U36_Expansion/Items/Decorations/globes/BP_Decorations_ModelPlanet",
  "Museum": "/Game/U36_Expansion/MegaStructures/Museum/BP_MS_Museum",
  "Mutant Boomalloon Seed": "/Game/Decorators/Hazards/Seeds/Seed_Harmless_ProxPopper",
  "Mutant Elegant Spewflower Seed": "/Game/Decorators/Hazards/Seeds/Seed_Harmless_Spewer02",
  "Mutant Hissbine Seed": "/Game/Decorators/Hazards/Seeds/Seed_Harmless_Gasbag",
  "Mutant Noxious Cataplant Seed": "/Game/Decorators/Hazards/Seeds/Seed_Harmless_Lobber",
  "Mutant Noxious Spewflower Seed": "/Game/Decorators/Hazards/Seeds/Seed_Harmless_Spewer01",
  "Mutant Spiny Attactus Seed": "/Game/Decorators/Hazards/Seeds/Seed_Harmless_Shooter",
  "Mutant Volatile Attactus Seed": "/Game/Decorators/Hazards/Seeds/Seed_Harmless_ExplodeShooter",
  "Mutant Volatile Cataplant Seed": "/Game/Decorators/Hazards/Seeds/Seed_Harmless_ExplodeLobber",
  "Nanocarbon Alloy": "/Game/Items/Nuggets/Catalyzed/ResourceNugget_NanoCarbonAlloy",
  "Narrow Mod": "/Game/Components_Small/Augment_PrecisionBrush",
  "New Horizons Probe": "/Game/Scenarios/Wanderer/Wanderer_Probe_NH",
  "Nitrogen": "/Game/Items/ConsumableGasCanister",
  "Noxomaton 002": "/Game/Scenarios/Limited/2024_LTE_Anniversary/Anniversary_Item4_BP",
  "Noxothane": "/Game/Scenarios/Limited/2020_LTE_Halloween/ResourceCanister_2020_LTE_Halloween",
  "Nubcap Seed": "/Game/U36_Expansion/Items/Seeds/Seed_Harvestable_Nubcap",
  "Omnugget": "/Game/Scenarios/Limited/2024_LTE_Anniversary/Anniversary_Item6_BP",
  "Orange Firework": "/Game/Components_Medium/Fireworks/Firework_Rocket_Base_Orange",
  "Orbital Platform": "/Game/U36_Expansion/MegaStructures/OrbitalPlatform/BP_OrbitalPlatform_Package1",
  "Orbital Platform Launch Tube": "/Game/U36_Expansion/PROTO_ASSETS/Wreck/BP_MS_Wreck_OPTubeDoor",
  "Orbital Platform Stage 1 Package": "/Game/U36_Expansion/MegaStructures/OrbitalPlatform/BP_OrbitalPlatform_Package1",
  "Orbital Platform Stage 2 Package": "/Game/U36_Expansion/MegaStructures/OrbitalPlatform/BP_OrbitalPlatform_Package2",
  "Orbital Platform Stage 3 Package": "/Game/U36_Expansion/MegaStructures/OrbitalPlatform/BP_OrbitalPlatform_Package3",
  "Organic": "/Game/Items/Nuggets/ResourceNugget13",
  "Oxygen": "/Game/Items/Nuggets/ResourceNuggetGlobules",
  "Oxygen Filters": "/Game/Components_Small/Filter_Bundle",
  "Oxygen Tank": "/Game/Components_Small/Oxygen_Tank_Small",
  "Oxygenator": [
    "/Game/Items/Oxygenator/Oxygenator_T2",
    "/Game/Items/Oxygenator/Oxygenator_T2_Starter"
  ],
  "Packager": "/Game/Items/Repackager/Repackager",
  "Paver": "/Game/Components_Medium/Drills_HardTerrain/Paver_T2",
  "Pioneer I Spacecraft": "/Game/Scenarios/Wanderer/Wanderer_Probe_P1",
  "Plastic": "/Game/Items/Nuggets/Smelted/ResourceNugget_Plastic",
  "Plumefir Seed": "/Game/Decorators/Hazards/Seeds/Seed_Tappable_Terran_Tree_a",
  "Plump Sturdysquash": "/Game/Scenarios/Limited/Pumpkins/Pumpkin_Offspring_03_BP",
  "Plump Sturdysquash Seed": "/Game/Scenarios/Limited/Pumpkins/Pumpkin_Seed_Offspring_03_BP",
  "Popcoral Seed": "/Game/Decorators/Hazards/Seeds/Seed_Popper",
  "Portable D-Cipher": "/Game/U32_Expansion/Items/GlitchShelter/DCipher/GW_DCipher_BP",
  "Portable Oxygenator": "/Game/Items/Oxygenator/Oxygenator_T1",
  "Portable Smelting Furnace": "/Game/Components_Small/Smelter_Small",
  "Power": "/Game/Items/Nuggets/ResourceNuggetPower",
  "Power Cells": "/Game/Components_Small/Power_Cell_Bundle",
  "Power Extender": "/Game/Slots/Pads/Extender_BASE",
  "Power Extenders": "/Game/Items/ExtenderBundle",
  "Power Sensor": "/Game/Components/Actuators/Actuator_Power",
  "Power Switch": "/Game/Components/Power_Items/PowerSwitch_BP",
  "Pricklepod Seed": "/Game/Decorators/Hazards/Seeds/Seed_Tappable_Tundra_Plant_a",
  "Probe Scanner": "/Game/Components_Small/Scanner_Probe",
  "Proximity Repeater": "/Game/Components/Actuators/Actuator_Proximity",
  "PUM-KN Shelter": "/Game/Scenarios/Limited/2020_LTE_Halloween/Shelter_T4_Cosmetic_A",
  "QT-RTG": "/Game/Components_Small/RTG_T1_BP",
  "Quartz": "/Game/Items/Nuggets/Mined/ResourceNugget_Quartz",
  "Rail Car": "/Game/Vehicles/Rails/RailCar",
  "Rail Engine": "/Game/Vehicles/Rails/RailCar_Engine",
  "Rail Junction": "/Game/Vehicles/Rails/RailPost_Junction",
  "Rail Junction Bundle": "/Game/Vehicles/Rails/RailPost_JunctionBundle",
  "Rail Post": "/Game/Vehicles/Rails/RailPost_Short",
  "Rail Post Bundle": "/Game/Vehicles/Rails/RailPost_ShortBundle",
  "Rail Station": "/Game/Vehicles/Rails/RailPost_Station",
  "Recreational Sphere": "/Game/Components_Large/Object_Ball_Beach_LargeA_BP",
  "Red Firework": "/Game/Components_Medium/Fireworks/Firework_Rocket_Base_Red",
  "Research": "/Game/UX/Research_Indicator_item",
  "Research Chamber": "/Game/Components_Large/ResearchModule/ResearchModule_Tier2",
  "Research Station": "/Game/Components_Large/ResearchStation_Large",
  "Resin": "/Game/Items/Nuggets/ResourceNugget14",
  "Resipound": "/Game/Scenarios/Limited/2024_LTE_Anniversary/Anniversary_Ingredient1_BP",
  "Resource Pod": "/Game/U36_Expansion/PROTO_ASSETS/Biodome/BP_Biodome_ResourceStorage",
  "Robo Bonsai": "/Game/U36_Expansion/Items/Decorations/RoboBonsai/BP_Decorations_Bonsai",
  "Rosin": "/Game/Items/Nuggets/Smelted/ResourceNugget_Rosin",
  "Round Sturdysquash": "/Game/Scenarios/Limited/Pumpkins/Pumpkin_Offspring_01_BP",
  "Rover Seat": "/Game/Components_Medium/Seat_Medium",
  "RTG": "/Game/Components_Medium/RTG_Base",
  "Rubber": "/Game/Items/Nuggets/Catalyzed/ResourceNugget_Rubber",
  "RUBY": "/Game/U32_Expansion/Items/Ruby/Ruby_Base_BP",
  "S.O.U.P.": "/Game/Items/ConsumableLiquidCanister_Fall_2024_BP",
  "Scrap": "/Game/Items/Nuggets/ResourceNugget11",
  "Seed": "/Game/Environment/hazards/spiker_seed",
  "Shell": "/Game/Items/Snails/ShellSnail_Base",
  "Shelter": [
    "/Game/Components_XL/Shelter_T4",
    "/Game/Components_XL/Shelter_T4_Starter"
  ],
  "Shiny Byte": "/Game/U36_Expansion/Items/Missions/BP_GoldenDisk",
  "Shiny Resource Nugget": "/Game/U36_Expansion/Items/Missions/BP_GoldenNugget",
  "Shiny Seed": "/Game/U36_Expansion/Items/Missions/BP_GoldenSeed",
  "Ship in a Bottle": "/Game/U36_Expansion/Items/Decorations/BottledItems/BP_Decorations_BottleShip",
  "Shuttle Seat": "/Game/Components_Medium/Seat_Medium_SS",
  "Silicone": "/Game/Items/Nuggets/Catalyzed/ResourceNugget_Silicone",
  "Simulated Aquarium": "/Game/U36_Expansion/Items/Decorations/FakeAquarium/BP_Decorations_Aquarium_01",
  "Site Pylon": [
    "/Game/Scenarios/POIs/Missions/PlacementActor_RailItem_PylonA2",
    "/Game/Scenarios/POIs/Missions/PlacementActor_RailItem_PylonA",
    "/Game/Scenarios/POIs/Missions/PlacementActor_RailItem_PylonB2",
    "/Game/Scenarios/POIs/Missions/PlacementActor_RailItem_PylonB"
  ],
  "Small Battery": [
    "/Game/Components_Small/Battery",
    "/Game/U36_Expansion/Items/Missions/BP_GoldenBattery"
  ],
  "Small Camera": "/Game/Components_Small/Camera_T1/Camera_T1",
  "Small Canister": "/Game/Items/ResourceCanister_Reusable",
  "Small Generator": "/Game/Components_Small/Generator_Small",
  "Small Geothermal": "/Game/Components_Small/Geothermal_Small",
  "Small Print Filter": "/Game/Components_Medium/PrinterCatagoryFilter_Plinth_T1",
  "Small Printer": "/Game/Components_Small/Printer_Breadboards_T1",
  "Small Printer Plinth": "/Game/Components_Medium/1B-T1PrinterCheatPlinth",
  "Small Seat": "/Game/Components_Medium/Seat_Small_Cab",
  "Small Shuttle": "/Game/Vehicles/Shuttle_T2_ThrusterSlot",
  "Small Solar": "/Game/Components_Small/Solar_Small",
  "Small Squeaker Horn": "/Game/Components/Horns/Horn_T1-02_BP",
  "Small Trumpet Horn": "/Game/Components/Horns/Horn_T1-01_BP",
  "Small Wind Turbine": "/Game/Components_Small/Small_Wind",
  "Smelting Furnace": "/Game/Components_Large/Smelter_Large",
  "Smiling Spookyseed": "/Game/Scenarios/Limited/Pumpkins/Pumpkin_Seed_Offspring_02_BP",
  "Smiling Spookysquash": "/Game/Scenarios/Limited/Pumpkins/Pumpkin_Offspring_02_BP",
  "Snow Globe": "/Game/U36_Expansion/Items/Decorations/BottledItems/BP_Decorations_BottleOP",
  "Soil Centrifuge": "/Game/Components_Large/MineralExtractor",
  "Solar Array": "/Game/Components_Small/Solar_Array_T4",
  "Solid-Fuel Jump Jet": "/Game/Components_Small/Jetpacks/ConsumableJumpjet_BP",
  "Solid-Fuel Thruster": "/Game/Components_Medium/Thruster_Medium_Consumable",
  "Spewflower Sample": "/Game/Scenarios/Research_Items/Content/ResearchableItems/ResearchableItem_Spewer_01",
  "Sphalerite": "/Game/Items/Nuggets/Mined/ResourceNugget_Sphalerite",
  "Spinelily Seed": [
    "/Game/Decorators/Hazards/Seeds/Seed_Bouncer_Lily_01",
    "/Game/Decorators/Hazards/Seeds/Seed_Bouncer_Lily_02",
    "/Game/Decorators/Hazards/Seeds/Seed_Bouncer_Lily_03"
  ],
  "Splitter": "/Game/Components_Medium/Splitter_3Way",
  "Sputnik Satellite": "/Game/Scenarios/Wanderer/Wanderer_Probe_Sptnk",
  "Squasholine": "/Game/Scenarios/Limited/2020_LTE_Halloween/ResourceCanister_2020_LTE_Halloween",
  "Squashothane": "/Game/Scenarios/Limited/2024_LTE_Anniversary/Anniversary_Item2_BP",
  "Starting Medium Printer": "/Game/Components_Medium/Printer_Breadboards_T2_Starter",
  "Starting Platform": "/Game/Slots/Pads/Breadboard_T2_Starter",
  "Steel": "/Game/Items/Nuggets/Catalyzed/ResourceNugget_Steel",
  "Stellar Object": "/Game/Components_Small/HolidayLTE_2019/HolidayGift_Star1",
  "Storage Sensor": "/Game/Components/Actuators/Actuator_Storage",
  "STORM DATA": "/Game/U32_Expansion/Items/Resources/ResourceNugget_StormData_04",
  "Stretchpetal Seed": "/Game/Decorators/Hazards/Seeds/Seed_Tappable_Exotic_Tree_a",
  "Stunted Spookyseed": "/Game/Scenarios/Limited/Pumpkins/Pumpkin_Seed_Offspring_04_BP",
  "Stunted Spookysquash": "/Game/Scenarios/Limited/Pumpkins/Pumpkin_Offspring_04_BP",
  "Sturdysquash Sample": "/Game/Scenarios/Limited/Pumpkins/Pumpkin_Research_BP",
  "Sturdysquash Seed": [
    "/Game/Scenarios/Limited/Pumpkins/Pumpkin_Seed_Mega_BP",
    "/Game/Scenarios/Limited/Pumpkins/Pumpkin_Seed_Offspring_01_BP"
  ],
  "Sulfur": "/Game/Items/ConsumableGasCanister",
  "Tall Platform": "/Game/Slots/Pads/Platform_Tall_T2x1_T1x4_P3_BP",
  "Tall Rail Post": "/Game/Vehicles/Rails/RailPost_Tall",
  "Tall Rail Post Bundle": "/Game/Vehicles/Rails/RailPost_TallBundle",
  "Tall Storage": "/Game/Components_Medium/Storage_Tall_T2_T1x3_BP",
  "Tapper": "/Game/Items/ResourceTapper",
  "Teal Firework": "/Game/Components_Medium/Fireworks/Firework_Rocket_Base_Teal",
  "Terrain Analyzer": "/Game/Components_Small/TerrainAnalyzer",
  "Terrain Anchor": "/Game/Components_Terrain/LodAnchorPost",
  "Terrarium": [
    "/Game/Items/Snails/MissionItems/Terrarium_Snail_Capture_Atrox",
    "/Game/Items/Snails/MissionItems/Terrarium_Snail_Capture_Calidor",
    "/Game/Items/Snails/MissionItems/Terrarium_Snail_Capture_Desolo",
    "/Game/Items/Snails/MissionItems/Terrarium_Snail_Capture_Glacio",
    "/Game/Items/Snails/MissionItems/Terrarium_Snail_Capture_Novus",
    "/Game/Items/Snails/MissionItems/Terrarium_Snail_Capture_Sylva",
    "/Game/Items/Snails/MissionItems/Terrarium_Snail_Capture_Vesania"
  ],
  "Tether Dropper": "/Game/U36_Expansion/Items/TetherBooper/BP_Tether_Booper",
  "Tethers": [
    "/Game/Items/TetherBundle",
    "/Game/Components_Terrain/TetherPost"
  ],
  "Thistlewhip Seed": "/Game/Decorators/Hazards/Seeds/Seed_Knocker_Flower",
  "Tin": "/Game/Items/Nuggets/Smelted/ResourceNugget_Tin",
  "Titanite": "/Game/Items/Nuggets/NewResourcesPlaceholder/ResourceNugget_Titanite",
  "Titanium": "/Game/Items/Nuggets/NewResourcesPlaceholder/ResourceNugget_Titanium",
  "Titanium Alloy": "/Game/Items/Nuggets/Catalyzed/ResourceNugget_TitaniumAlloy",
  "Tractor": "/Game/Vehicles/RoverT1",
  "Trade Platform": "/Game/Components_Large/Trade_Large",
  "Trailer": "/Game/Vehicles/RoverT2B",
  "TROPHY": "/Game/U36_Expansion/Items/Missions/BP_GoldenAstro",
  "Tuberyl Seed": "/Game/Scenarios/Limited/2024_LTE_Fall/Fall_2024_Seed_Leek_BP",
  "Tungsten": "/Game/Items/Nuggets/NewResourcesPlaceholder/ResourceNugget_Tungsten",
  "Tungsten Carbide": "/Game/Items/Nuggets/Catalyzed/ResourceNugget_TungstenCarbide",
  "Unknown Biofuel": "/Game/Scenarios/Limited/2024_LTE_Anniversary/Anniversary_Item8_BP",
  "Used Solid-Fuel Thruster": "/Game/Scenarios/POIs/Modern/POItems/Item_Wrecked_ConsumableThrusterT2",
  "Vault Seeker": "/Game/Components_Small/Scanner_Vault",
  "Vehicle Bay": "/Game/Components_Large/Printer_Breadboards_Vehicles",
  "Vehicle Data Recorder": [
    "/Game/Scenarios/POIs/Destructibles/Destructible_PlacementActor_DataCache_MissionA",
    "/Game/Scenarios/POIs/Destructibles/Destructible_PlacementActor_DataCache_MissionB"
  ],
  "Violet Firework": "/Game/Components_Medium/Fireworks/Firework_Rocket_Base_Violet",
  "Voyager 2 Probe": "/Game/Scenarios/Wanderer/Wanderer_Probe_Voy2",
  "VTOL": "/Game/Vehicles/VTOL/VTOL_BP",
  "Walkway": [
    "/Game/U36_Expansion/Items/Splines/BP_SplinePost_Short",
    "/Game/U36_Expansion/Items/Splines/BP_SplinePost_Tall"
  ],
  "Walkway Bundle": [
    "/Game/U36_Expansion/Items/Splines/BP_SplinePost_ShortBundle",
    "/Game/U36_Expansion/Items/Splines/BP_SplinePost_TallBundle"
  ],
  "Wheezeweed Seed": "/Game/Decorators/Hazards/Seeds/Seed_Knocker_Whoop",
  "Wide Mod": "/Game/Components_Small/Augment_BroadBrush",
  "Wild Sturdysquash": "/Game/Scenarios/Limited/Pumpkins/Pumpkin_Parent_ColorVar0_BP",
  "Winch": "/Game/Components_Medium/Winch",
  "Wolframite": "/Game/Items/Nuggets/NewResourcesPlaceholder/ResourceNugget_Wolframite",
  "Worklight": "/Game/Components_Small/WorkLight",
  "Xenobiology Lab Wreckage": "/Game/Items/Snails/MissionItems/Snails_MissionsHub",
  "XL Extended Platform": "/Game/Slots/Pads/Platform_Long_T3x1_T2x2_P4_BP",
  "XL Sensor Arch": "/Game/Slots/Pads/Platform_Arch_t2x3_t1x3_p2",
  "XL Sensor Canopy": "/Game/Slots/Pads/Platform_Net_T2x6_T1x1_P4_BP",
  "XL Sensor Hoop A": "/Game/Slots/Pads/Platform_Ring_t2x3_t1x3_p3",
  "XL Sensor Hoop B": "/Game/Slots/Pads/Platform_Ring_t2x6_t1x6_p3",
  "XL Wind Turbine": "/Game/Components_XL/Wind_XL_BP",
  "Yellow Firework": "/Game/Components_Medium/Fireworks/Firework_Rocket_Base_Yellow",
  "Zeta Storm Data": "/Game/U32_Expansion/Items/Resources/ResourceNugget_StormData_03",
  "Zinc": "/Game/Items/Nuggets/Smelted/ResourceNugget_Zinc"
}