{
  "\"Bestefar\"": "/Game/Items/Snails/TerrariumSnail_Glacio_IT",
  "\"Enoki\"": "/Game/Items/Snails/TerrariumSnail_Atrox_IT",
  "\"Princess\"": "/Game/Items/Snails/TerrariumSnail_Vesania_IT",
  "\"Rogal\"": "/Game/Items/Snails/TerrariumSnail_Novus_IT",
  "\"Stilgar\"": "/Game/Items/Snails/TerrariumSnail_Calidor_IT",
  "\"Sylvie\"": "/Game/Items/Snails/TerrariumSnail_Sylva_IT",
  "\"Usagi\"": "/Game/Items/Snails/TerrariumSnail_Desolo_IT",
  "“Misplaced” Cargo": "/Game/Items/ItemTypes/Events/EXO_Cares/ItemType_Wrecked_HazardousContainer_A",
  "[[/-&>++/\\": "/Game/Items/ItemTypes/Missions/RiftAnchor_RailsA_IT",
  "[]0]\\ ==~|}/! ]{ \\": "/Game/Items/ItemTypes/Missions/RiftAnchor_RailsC_IT",
  "{(}]]~]]&/-% %/~^#)": "/Game/Items/ItemTypes/Missions/RiftAnchor_RailsB_IT",
  "{*^]<}/?@(!]]": "/Game/Items/Snails/MissionItems/Snails_RiftAnchor_IT",
  "</-/4|\\|4>": "/Game/Scenarios/Limited/2024_LTE_Spring/Spring_EventItem1_IT",
  "Aeoluz": [
    "/Game/U32_Expansion/Planets/GlitchPlanet/GlitchPlanet_IT",
    "/Game/Items/ItemTypes/Intangibles/Planets/Aeoluz"
  ],
  "Aero": "/Game/Items/ItemTypes/CreativeDroneIT",
  "Alignment Mod": "/Game/Items/ItemTypes/Components/Augment_FixedAlignment",
  "Alpha Gateway Terminal Access Slot": "/Game/U32_Expansion/Puzzles/CounterhackKeyhole_BASE_IT",
  "Alpha Rootkit": "/Game/U32_Expansion/Items/RootKit/GW_RootKit_Base_IT",
  "Alpha Shard": "/Game/U32_Expansion/ProceduralGenerationAssets/PlacementActors/Gateways/ChamberRepair_Fragment_Base_IT",
  "Alpha Storm Data": "/Game/U32_Expansion/Items/Resources/ResourceNugget_StormData_01_IT",
  "Alpha Vault": [
    "/Game/U32_Expansion/Puzzles/RootAccessVaultComplete_BASE_IT",
    "/Game/U32_Expansion/Puzzles/RootAccessVault_BASE_IT"
  ],
  "Alpha Vault Key": "/Game/U32_Expansion/Puzzles/VaultPartBase_IT",
  "Aluminum": "/Game/Items/ItemTypes/Intermediates/Aluminum",
  "Aluminum Alloy": "/Game/Items/ItemTypes/Composites/AluminumAlloy",
  "Amaize Seed": "/Game/Scenarios/Limited/2024_LTE_Fall/Fall_2024_Seed_Resipound_IT",
  "Ammonium": "/Game/Items/ItemTypes/Minables/Ammonium",
  "Arctichoke Seed": "/Game/U36_Expansion/Items/Seeds/ItemType_Seed_Harvestable_Artichoke",
  "Argon": "/Game/Items/ItemTypes/Gases/Argon",
  "Asteroid": [
    "/Game/U36_Expansion/Planets/OrbitalPlatformMiniPlanet/IT_MiniPlanet_Asteroid",
    "/Game/U36_Expansion/Planets/OrbitalPlatformMiniPlanet/IT_MiniPlanet_Asteroid_02"
  ],
  "Asteroid Field": "/Game/U36_Expansion/Planets/OrbitalPlatformMiniPlanet/IT_MiniPlanet_AsteroidField",
  "Astral Figurine": "/Game/Items/ItemTypes/Limited/Holiday/Holiday_Figurine1_IT",
  "Astronium": "/Game/Items/ItemTypes/Minables/Astronium",
  "Atmospheric Condenser": "/Game/Items/ItemTypes/Components/AtmosphericCondenser",
  "Atrox": "/Game/Items/ItemTypes/Intangibles/Planets/Radiated",
  "Attactus Sample": "/Game/Items/ItemTypes/Researchables/Hazards/ItemType_Researchable_Shooter_02",
  "Attapetrol": "/Game/Scenarios/Limited/2020_LTE_Halloween/ItemDrive_Resource2_2020_LTE_Halloween",
  "Auto Arm": "/Game/Items/ItemTypes/Components/AutoCraneMedium_IT",
  "Auto Extractor": "/Game/Items/ItemTypes/Components/ResourceExtractorLarge_IT",
  "Auto-Fertilizer": "/Game/U36_Expansion/PROTO_ASSETS/Biodome/IT_Biodome_Fertiliser",
  "Auto-Harvester": "/Game/U36_Expansion/PROTO_ASSETS/Biodome/IT_Biodome_Harvester",
  "Auto-Planter": "/Game/U36_Expansion/PROTO_ASSETS/Biodome/IT_Biodome_SeedLauncher",
  "Automaton 001": "/Game/Items/ItemTypes/HolidayLTE_2019/Holiday_Robot1_IT",
  "Automaton 002": "/Game/Items/ItemTypes/HolidayLTE_2019/Holiday_Robot2_IT",
  "Automaton 009": "/Game/Scenarios/Limited/2024_LTE_Anniversary/Anniversary_Item7_IT",
  "Backpack Printer Plinth": "/Game/Items/ItemTypes/Components/CheatPlinthBackpackPrinter",
  "Battery Sensor": "/Game/Items/ItemTypes/Actuators/Actuator_Battery_IT",
  "Beach Ball": "/Game/Items/ItemTypes/Components/Object_Ball_Beach_LargeB_IT",
  "Beacon": "/Game/Items/ItemTypes/Components/Beacon",
  "Biodome": "/Game/U36_Expansion/PROTO_ASSETS/Biodome/IT_MS_Biodome",
  "Biodome Expansion": [
    "/Game/U36_Expansion/PROTO_ASSETS/Biodome/IT_Biodome_Expansion",
    "/Game/U36_Expansion/PROTO_ASSETS/Biodome/IT_Biodome_ExpansionSlotIndicator"
  ],
  "Blue Firework": "/Game/Items/ItemTypes/Fireworks/ItemType_Firework_Rocket_Base_Blue",
  "Boost Mod": "/Game/Items/ItemTypes/Components/Augment_PerformanceBoost",
  "Bouncevine Seed": "/Game/Items/ItemTypes/Seeds/ItemType_Seed_Bouncer_Vines_01",
  "Bubbulb Seed": "/Game/U36_Expansion/Items/Seeds/ItemType_Seed_Harvestable_Bubbulb",
  "Buggy": "/Game/Items/ItemTypes/Components/RoverT2",
  "Burn Book": "/Game/U32_Expansion/Items/LynLogs/LynLog1_IT",
  "Burrito?": "/Game/Scenarios/Limited/2024_LTE_Anniversary/Anniversary_Item5_IT",
  "Button Repeater": "/Game/Items/ItemTypes/Actuators/Actuator_Button_IT",
  "C.O.L.E.": [
    "/Game/Vehicles/Rails/PackagedItem_T2_RailCar_EnginePersonal_IT",
    "/Game/Vehicles/Rails/RailCar_Engine_Personal_ItemType"
  ],
  "Cable Splitter": "/Game/Items/ItemTypes/Components/Transformer_Tier1",
  "Cactile Seed": "/Game/Items/ItemTypes/Seeds/ItemType_Seed_Tappable_Arid_Cactus_a",
  "Calidor": "/Game/Items/ItemTypes/Intangibles/Planets/Arid",
  "Carbon": "/Game/Items/ItemTypes/Intermediates/Carbon",
  "Cassiterite": "/Game/Items/ItemTypes/Minables/Cassiterite",
  "Cauldrangea Roots": [
    "/Game/Scenarios/Limited/2020_LTE_Halloween/Platform_2020_LTE_Halloween_T3x1_P4_ColorVar0_IT",
    "/Game/Scenarios/Limited/2020_LTE_Halloween/Platform_2020_LTE_Halloween_T3x1_P4_IT",
    "/Game/Scenarios/Limited/2021_LTE_Halloween/Platform_2021_LTE_Halloween_T3x1_P4_ColorVar1_IT",
    "/Game/Scenarios/Limited/2021_LTE_Halloween/Platform_2021_LTE_Halloween_T3x1_P4_ColorVar2_IT"
  ],
  "Ceramic": "/Game/Items/ItemTypes/Intermediates/Ceramic",
  "Chemistry Lab": "/Game/Items/ItemTypes/Components/ResourceCombiner_IT",
  "Clay": "/Game/Items/ItemTypes/Minables/Clay",
  "Coal": "/Game/Items/ItemTypes/Minables/Coal",
  "Compound": [
    "/Game/Items/ItemTypes/Minables/Compound",
    "/Game/U36_Expansion/Planets/OrbitalPlatformMiniPlanet/IT_MiniPlanet_Compound"
  ],
  "Conepod Seed": "/Game/U36_Expansion/Items/Seeds/ItemType_Seed_Harvestable_Conepod",
  "Construction Anchor Landing Pad": "/Game/U36_Expansion/PROTO_ASSETS/Wreck/IT_MS_AnchorLandingPad",
  "Copper": "/Game/Items/ItemTypes/Intermediates/Copper",
  "Cosmic Automaton": "/Game/Scenarios/Limited/2024_LTE_Anniversary/Anniversary_Item1_IT",
  "Cosmic Bauble": "/Game/Items/ItemTypes/Limited/Holiday/Holiday_Bauble1_IT",
  "Cosmic Squash": "/Game/Scenarios/Limited/2024_LTE_Anniversary/Anniversary_Item3_IT",
  "Count Repeater": "/Game/Items/ItemTypes/Actuators/Actuator_Counter_IT",
  "Counterhack Key Alpha": "/Game/U32_Expansion/Items/CounterHackKey/GW_CounterHackKey_Base_IT",
  "Crane": "/Game/Items/ItemTypes/Components/Crane_Large",
  "Crumbling Stone": "/Game/Items/ItemTypes/Destructibles/Destructible_PlacementActor_BoulderStone_IT",
  "Cubic Object": "/Game/Items/ItemTypes/HolidayLTE_2019/Holiday_Block1_IT",
  "Curious Item": "/Game/Items/ItemTypes/Collectibles/Skybreaker_IT",
  "Curious Sturdysquash": "/Game/Scenarios/Limited/Pumpkins/Pumpkin_Offspring_01_ColorVar4_IT",
  "Daggeroot Seed": "/Game/Items/ItemTypes/Seeds/ItemType_Seed_Spiker_01",
  "Data Circuit Model A 1/5": "/Game/Scenarios/Limited/2024_LTE_Anniversary/Anniversary_Lore1_IT",
  "Debris Bundle": "/Game/Items/ItemTypes/Components/DebrisBundle-ItemType",
  "Delay Repeater": "/Game/Items/ItemTypes/Actuators/Actuator_Timer_IT",
  "Delta Storm Data": "/Game/U32_Expansion/Items/Resources/ResourceNugget_StormData_02_IT",
  "Desolo": "/Game/Items/ItemTypes/Intangibles/Planets/Barren",
  "Dewtrunk Seed": "/Game/U36_Expansion/Items/Seeds/ItemType_Seed_Harvestable_Dewtrunk",
  "Diamond": "/Game/Items/ItemTypes/Composites/Diamond",
  "Display Case": [
    "/Game/U36_Expansion/MegaStructures/Museum/IT_MuseumDisplayCaseShelf_T1",
    "/Game/U36_Expansion/MegaStructures/Museum/IT_MuseumDisplayCaseShelf_T2"
  ],
  "Display Case Platform": "/Game/U36_Expansion/MegaStructures/Museum/IT_MuseumDisplayCase",
  "Distribution Launcher System (DLS) ": "/Game/U36_Expansion/PROTO_ASSETS/Wreck/IT_MS_Wreck",
  "DLS Construction Anchor": "/Game/U36_Expansion/MegaStructures/Anchor/IT_MS_Anchor",
  "Donut": "/Game/U36_Expansion/Planets/OrbitalPlatformMiniPlanet/IT_MiniPlanet_Torus",
  "Drill Head": "/Game/Items/ItemTypes/Components/DrillHead",
  "Drill Mod 1": "/Game/Items/ItemTypes/Components/Augment_HardTerrain_1",
  "Drill Mod 2": "/Game/Items/ItemTypes/Components/Augment_HardTerrain_2",
  "Drill Mod 3": "/Game/Items/ItemTypes/Components/Augment_HardTerrain_3",
  "Drill Strength 1": "/Game/Items/ItemTypes/Components/DrillHead_T2_Strength_1",
  "Drill Strength 2": "/Game/Items/ItemTypes/Components/DrillHead_T2_Strength_2",
  "Drill Strength 3": "/Game/Items/ItemTypes/Components/DrillHead_T2_Strength_3",
  "Dropship": "/Game/Items/ItemTypes/Components/Dropship_IT",
  "Dynamite": "/Game/Items/ItemTypes/Components/Dynamite",
  "Empty Terrarium": [
    "/Game/Items/Snails/MissionItems/TerrariumEmpty_Atrox_IT",
    "/Game/Items/Snails/MissionItems/TerrariumEmpty_Calidor_IT",
    "/Game/Items/Snails/MissionItems/TerrariumEmpty_Desolo_IT",
    "/Game/Items/Snails/MissionItems/TerrariumEmpty_Glacio_IT",
    "/Game/Items/Snails/MissionItems/TerrariumEmpty_Novus_IT",
    "/Game/Items/Snails/MissionItems/TerrariumEmpty_Sylva_IT",
    "/Game/Items/Snails/MissionItems/TerrariumEmpty_Vesania_IT"
  ],
  "EVA": [
    "/Game/Items/Snails/TerrariumFox_EvaCM_IT",
    "/Game/Items/Snails/TerrariumFox_Eva_IT"
  ],
  "EXO Cache": [
    "/Game/Items/ItemTypes/Destructibles/Destructible_PlacementActor_DataCache_EXOChip_IT",
    "/Game/Scenarios/Limited/2024_LTE_Anniversary/PlacementObjects/DataCaches/Destructible_PlacementActor_ALTE_DataCache_IT"
  ],
  "EXO Chip": "/Game/Items/ItemTypes/Collectibles/EXO_Chip_IT",
  "EXO Dynamics Research Aid": [
    "/Game/Items/ItemTypes/Puzzles/ItemType_Puzzlebox_Base_Consume",
    "/Game/Items/ItemTypes/Puzzles/ItemType_Puzzlebox_Base_PowerLimit",
    "/Game/Items/ItemTypes/Puzzles/ItemType_Puzzlebox_Base_PowerMax"
  ],
  "EXO Request Platform": "/Game/Items/ItemTypes/Components/ItemType_ExoRequestModule",
  "Explosive Powder": "/Game/Items/ItemTypes/Composites/ExplosivePowder",
  "Extra Large Curved Platform": "/Game/Items/ItemTypes/Components/platfrom_curve_t3x2_t2x1_P4_IT",
  "Extra Large Platform A": "/Game/Items/ItemTypes/Components/Platform_Standard_T4x1_P8",
  "Extra Large Platform B": "/Game/Items/ItemTypes/Components/Platform_Standard_T2x10_P4",
  "Extra Large Platform C": "/Game/Items/ItemTypes/Components/Platform_Standard_T4x1_T3x2_P4",
  "Extra Large Resource Canister": "/Game/Items/ItemTypes/Components/ExtraLargeResourceCanister_IT",
  "Extra Large Shredder": "/Game/Items/ItemTypes/Components/Shredder_T4",
  "Extra Large Storage": "/Game/Items/ItemTypes/Components/StorageRack_XL",
  "Fault Finder": [
    "/Game/Items/FaultFinder/FaultFinder_Align_IT",
    "/Game/Items/FaultFinder/FaultFinder_Full_Align_IT"
  ],
  "Field Shelter": "/Game/Items/ItemTypes/Components/Shelter_T2_IT",
  "Figurine Platform": "/Game/Items/ItemTypes/Components/Platform_Standard_T1x64",
  "Finwheel Seed": "/Game/U36_Expansion/Items/Seeds/ItemType_Seed_Harvestable_FinWheel",
  "Fireworks": [
    "/Game/Items/ItemTypes/Fireworks",
    "/Game/U36_Expansion/Items/Missions/IT_Firework_FinalReward"
  ],
  "Flat Platform": "/Game/U36_Expansion/Planets/OrbitalPlatformMiniPlanet/IT_MiniPlanet_FlatBox",
  "Floodlight": "/Game/Items/ItemTypes/FloodLight_IT",
  "Fractal Rose Seed": "/Game/Items/ItemTypes/Seeds/ItemType_Seed_FractalRose",
  "Fuel Condenser": "/Game/Items/ItemTypes/Components/Condenser",
  "Geometric Triptych": [
    "/Game/Items/ItemTypes/GateTech/GatewayKey",
    "/Game/Items/ItemTypes/GateTech/GatewayKey_Arid",
    "/Game/Items/ItemTypes/GateTech/GatewayKey_Exotic",
    "/Game/Items/ItemTypes/GateTech/GatewayKey_ExoticMoon",
    "/Game/Items/ItemTypes/GateTech/GatewayKey_Radiated",
    "/Game/Items/ItemTypes/GateTech/GatewayKey_Terran",
    "/Game/Items/ItemTypes/GateTech/GatewayKey_TerranMoon",
    "/Game/Items/ItemTypes/GateTech/GatewayKey_Tundra"
  ],
  "Geothermal": "/Game/Items/ItemTypes/Components/Geothermal",
  "Glacio": "/Game/Items/ItemTypes/Intangibles/Planets/Tundra",
  "Glass": "/Game/Items/ItemTypes/Intermediates/Glass",
  "Glitch Portal": "/Game/GlitchwalkerPortal_IT",
  "Glitch Portal Anchor": "/Game/U32_Expansion/Items/PortalSpawner/GlitchwalkerPortalSpawner_IT",
  "Glitch Shelter": [
    "/Game/U32_Expansion/Items/GlitchShelter/GlitchShelter_T4_Starter_Cosmetic_IT",
    "/Game/U32_Expansion/Items/GlitchShelter/GlitchShelter_T4_Starter_IT"
  ],
  "Glowstick": "/Game/Items/ItemTypes/Components/ItemType_Glowstick_Single",
  "Glowsticks": "/Game/Items/ItemTypes/Components/ItemType_Glowstick_Bundle",
  "Graphene": "/Game/Items/ItemTypes/Composites/Graphene",
  "Graphene Alloy": "/Game/Items/ItemTypes/Composites/GrapheneAlloy",
  "Graphite": "/Game/Items/ItemTypes/Minables/Graphite",
  "Gravity Globe": "/Game/Vehicles/GravitySphere/GravitySphere_Large_IT",
  "Green Firework": "/Game/Items/ItemTypes/Fireworks/ItemType_Firework_Rocket_Base_Green",
  "Helium": "/Game/Items/ItemTypes/Gases/Helium",
  "Helmet Lava Lamp": "/Game/U36_Expansion/Items/Decorations/LavaLamp/IT_Deco_LavaLamp_Helmet",
  "Hematite": "/Game/Items/ItemTypes/Minables/Hematite",
  "Holographic Figurine": "/Game/Items/ItemTypes/Collectibles/EXO_Chesspiece_IT",
  "Honeypot Seed": "/Game/Items/ItemTypes/Seeds/ItemType_Seed_Tappable_Radiated_Tree_a",
  "Hornstalk Seed": "/Game/U36_Expansion/Items/Seeds/ItemType_Seed_Harvestable_HornStalk",
  "Hoverboard": "/Game/Vehicles/Hoverboard_IT",
  "Hubble Space Telescope": "/Game/Items/ItemTypes/WandererProbes/WandererProbe_HST",
  "Hybrid Rose Seed": "/Game/Items/ItemTypes/Seeds/ItemType_Seed_SuperRose",
  "Hydrazine": [
    "/Game/Items/ItemTypes/Intermediates/Fuel",
    "/Game/Items/ItemTypes/Intermediates/FuelStored"
  ],
  "Hydrazine Catalyzer": "/Game/Items/ItemTypes/Components/CrystalRefinery",
  "Hydrazine Jet Pack": "/Game/Items/ItemTypes/Components/HydrazineJetpack_IT",
  "Hydrazine Thruster": "/Game/Items/ItemTypes/Components/Thruster",
  "Hydrogen": "/Game/Items/ItemTypes/Gases/Hydrogen",
  "Ice Chunk": "/Game/Items/ItemTypes/Destructibles/Destructible_PlacementActor_BoulderIce_IT",
  "Icon Sign": "/Game/U36_Expansion/Items/IconSignPost/IT_IconSignPost",
  "Ingredient Plinth": "/Game/Items/ItemTypes/Components/IngredientPlinth",
  "Inhibitor Mod": "/Game/Items/ItemTypes/Components/Augment_Inhibitor",
  "Intermodal Terminal": "/Game/U36_Expansion/MegaStructures/Logistics_Complex/IT_LogisticsComplex",
  "Iron": "/Game/Items/ItemTypes/Intermediates/Iron",
  "Jasper Bishop": "/Game/Items/ItemTypes/Collectibles/World_Chesspiece_Bishop02_IT",
  "Jasper King": "/Game/Items/ItemTypes/Collectibles/World_Chesspiece_King02_IT",
  "Jasper Knight": "/Game/Items/ItemTypes/Collectibles/World_Chesspiece_Knight02_IT",
  "Jasper Pawn": "/Game/Items/ItemTypes/Collectibles/World_Chesspiece_Pawn02_IT",
  "Jasper Queen": "/Game/Items/ItemTypes/Collectibles/World_Chesspiece_Queen02_IT",
  "Jasper Rook": "/Game/Items/ItemTypes/Collectibles/World_Chesspiece_Rook02_IT",
  "Kepler Space Telescope": "/Game/Items/ItemTypes/WandererProbes/WandererProbe_KST",
  "Knobbly Sturdysquash": "/Game/Scenarios/Limited/Pumpkins/Pumpkin_Mega_IT",
  "Landing Pad": "/Game/Items/ItemTypes/Components/DeployableLandingPad",
  "Lapis Bishop": "/Game/Items/ItemTypes/Collectibles/World_Chesspiece_Bishop01_IT",
  "Lapis King": "/Game/Items/ItemTypes/Collectibles/World_Chesspiece_King01_IT",
  "Lapis Knight": "/Game/Items/ItemTypes/Collectibles/World_Chesspiece_Knight01_IT",
  "Lapis Pawn": "/Game/Items/ItemTypes/Collectibles/World_Chesspiece_Pawn01_IT",
  "Lapis Queen": "/Game/Items/ItemTypes/Collectibles/World_Chesspiece_Queen01_IT",
  "Lapis Rook": "/Game/Items/ItemTypes/Collectibles/World_Chesspiece_Rook01_IT",
  "Large Active Storage": "/Game/Items/ItemTypes/Components/Storage_rack_T2_T1x15_a1x16_IT",
  "Large Battery": "/Game/Items/ItemTypes/Components/Battery_RealLarge",
  "Large Canister Ingredient Plinth": "/Game/Items/ItemTypes/Components/LargeResourceCanisterPlinth_IT",
  "Large Curved Platform": "/Game/Items/ItemTypes/Components/Platfrom_Curve_T3x1P4_IT",
  "Large Extended Platform": "/Game/Items/ItemTypes/Components/Platform_Long_T2x2_P6_IT",
  "Large Fluid & Soil Canister": [
    "/Game/Items/ItemTypes/Components/LiquidCanister_Fixed_T3_IT",
    "/Game/Items/ItemTypes/Components/LiquidCanister_T3_IT"
  ],
  "Large Fog Horn": "/Game/Items/ItemTypes/Components/Horn_T3-01_IT",
  "Large Gas Canister": "/Game/Items/ItemTypes/Components/LargeGasCanister_IT",
  "Large Platform A": "/Game/Items/ItemTypes/Components/Platform_Standard_T3x1_P4",
  "Large Platform B": [
    "/Game/Items/ItemTypes/Components/Breadboard_Tier3",
    "/Game/Items/ItemTypes/POI_Elements/ItemType_SemiWrecked_T3_Platform_Base"
  ],
  "Large Platform C": "/Game/Items/ItemTypes/Components/Platform_Standard_T3x1_T1x20_P4",
  "Large Print Filter": "/Game/Items/ItemTypes/Components/PrinterCatagoryFilter_Plinth_T3_IT",
  "Large Printer": "/Game/Items/ItemTypes/Components/BreadboardPrinter_T3",
  "Large Printer Plinth": "/Game/Items/ItemTypes/Components/CheatPlinthT3Printer",
  "Large Resource Canister": "/Game/Items/ItemTypes/Components/LargeResourceCanister_IT",
  "Large Rover": "/Game/Items/ItemTypes/Components/Rover_XL",
  "Large Rover Seat": "/Game/Items/ItemTypes/Components/Seat_Large",
  "Large Rover Seat B": "/Game/Items/ItemTypes/Components/Seat_Large_B",
  "Large Sensor Hoop A": "/Game/Items/ItemTypes/Components/Platform_Ring_t1x6_p2",
  "Large Sensor Hoop B": "/Game/Items/ItemTypes/Components/Platform_Ring_t1x6_p4",
  "Large Sensor Ring": "/Game/Items/ItemTypes/Components/Storage_Ring_T2_T1x6",
  "Large Shredder": "/Game/Items/ItemTypes/Components/Shredder_T3",
  "Large Shuttle": "/Game/Items/ItemTypes/Components/Shuttle_Large",
  "Large Shuttle Seat": "/Game/Items/ItemTypes/Components/Seat_Large_SS",
  "Large Solar Panel": "/Game/Items/ItemTypes/Solar_Large_IT",
  "Large Stacked Platform": "/Game/Items/ItemTypes/Components/Platform_Standard_T3x1x2_IT",
  "Large Starship Horn": "/Game/Items/ItemTypes/Components/Horn_T3-02_IT",
  "Large Storage": "/Game/Items/ItemTypes/Components/StorageRack_Large",
  "Large Storage Silo A": "/Game/Items/ItemTypes/Components/Storage_Tall_T3_T2x8_IT",
  "Large Storage Silo B": "/Game/Items/ItemTypes/Components/Storage_Tall_T3_T2x12_IT",
  "Large T-Platform": "/Game/Items/ItemTypes/Components/Platform_T_T3x2_IT",
  "Large Wind Turbine": "/Game/Items/ItemTypes/Components/Wind_Large_IT",
  "Lashleaf Seed": "/Game/Items/ItemTypes/Seeds/ItemType_Seed_Bouncer_Tongue_01",
  "Laterite": "/Game/Items/ItemTypes/Minables/Laterite",
  "Lava Lamp": "/Game/U36_Expansion/Items/Decorations/LavaLamp/IT_Deco_LavaLamp",
  "Leek": "/Game/Scenarios/Limited/2024_LTE_Anniversary/Anniversary_Ingredient2_IT",
  "Leisurely Cauldrangea": "/Game/Scenarios/Limited/2020_LTE_Halloween/ItemConverter_2020_LTE_Halloween_IT",
  "Leveling Block": "/Game/Items/ItemTypes/Components/LevelingBlock",
  "Lithium": "/Game/Items/ItemTypes/Minables/Lithium",
  "Logistics Depot: Calidor": "/Game/Items/ItemTypes/Missions/RailDepotB_IT",
  "Logistics Depot: Glacio": "/Game/Items/ItemTypes/Missions/RailDepotA_IT",
  "Logistics Depot: Sylva": "/Game/Items/ItemTypes/Missions/RailDepotC_IT",
  "LRD Zebra": "/Game/Items/ItemTypes/ItemType_ZebraBall",
  "Malachite": "/Game/Items/ItemTypes/Minables/Malachite",
  "Mariner X Probe": "/Game/Items/ItemTypes/WandererProbes/WandererProbe_MX",
  "MAT": [
    "/Game/Items/ItemTypes/Puzzles/PuzzleCommTower_Request_BASE_IT",
    "/Game/Items/ItemTypes/Puzzles/PuzzleCommTower_Request_MissionA_IT",
    "/Game/Items/ItemTypes/Puzzles/PuzzleCommTower_Request_MissionB_IT"
  ],
  "Medium Battery": "/Game/Items/ItemTypes/Components/Battery_Large",
  "Medium Buggy Horn": "/Game/Items/ItemTypes/Components/Horn_T2-01_IT",
  "Medium Canister Ingredient Plinth": "/Game/Items/ItemTypes/Components/MediumResourceCanisterPlinth_IT",
  "Medium Fluid & Soil Canister": "/Game/Items/ItemTypes/Components/LiquidCanister_T2_IT",
  "Medium Gas Canister": "/Game/Items/ItemTypes/Components/MediumGasCanister_IT",
  "Medium Generator": "/Game/Items/ItemTypes/Components/Generator",
  "Medium Platform A": "/Game/Items/ItemTypes/Components/Platform_Standard_T2x1_P4",
  "Medium Platform B": "/Game/Items/ItemTypes/Components/Breadboard_Tier2",
  "Medium Platform C": "/Game/Items/ItemTypes/Components/Platform_Standard_T2x1_P3_IT",
  "Medium Print Filter": "/Game/Items/ItemTypes/Components/PrinterCatagoryFilter_Plinth_T2_IT",
  "Medium Printer": "/Game/Items/ItemTypes/Components/BreadboardPrinter_T2",
  "Medium Printer Plinth": "/Game/Items/ItemTypes/Components/CheatPlinthT2Printer",
  "Medium Resource Canister": "/Game/Items/ItemTypes/Components/MediumResourceCanister_IT",
  "Medium Rover": "/Game/Items/ItemTypes/Components/Rover_Large",
  "Medium Sensor Arch": "/Game/Items/ItemTypes/Components/Platform_Arch_t1x6_IT",
  "Medium Shredder": "/Game/Items/ItemTypes/Components/Shredder_T2",
  "Medium Shuttle": "/Game/Items/ItemTypes/Components/Shuttle",
  "Medium Solar Panel": "/Game/Items/ItemTypes/Components/Solar_Medium",
  "Medium Stacked Platform": "/Game/Items/ItemTypes/Components/Platform_Standard_T2x1x2_IT",
  "Medium Storage": "/Game/Items/ItemTypes/Components/StorageRack_Medium",
  "Medium Storage Silo": "/Game/Items/ItemTypes/Components/Storage_Tall_T2_T1x24_IT",
  "Medium T-Platform": "/Game/Items/ItemTypes/Components/Platform_T_T2x2_IT",
  "Medium Truck Horn": "/Game/Items/ItemTypes/Components/Horn_T2-02_IT",
  "Medium Wind Turbine": "/Game/Items/ItemTypes/Components/Wind_Medium",
  "Mega-Arctichoke Seed": "/Game/U36_Expansion/Items/Seeds/MegaSeeds/ItemType_Seed_Harvestable_Artichoke_Mega",
  "Mega-Bubbulb Seed": "/Game/U36_Expansion/Items/Seeds/MegaSeeds/ItemType_Seed_Harvestable_Bubbulb_Mega",
  "Mega-Conepod Seed": "/Game/U36_Expansion/Items/Seeds/MegaSeeds/ItemType_Seed_Harvestable_Conepod_Mega",
  "Mega-Deconstructor": "/Game/U36_Expansion/Items/Megadeconstructor/IT_MegastructureDeconstructor",
  "Mega-Dewtrunk Seed": "/Game/U36_Expansion/Items/Seeds/MegaSeeds/ItemType_Seed_Harvestable_Dewtrunk_Mega",
  "Mega-Finwheel Seed": "/Game/U36_Expansion/Items/Seeds/MegaSeeds/ItemType_Seed_Harvestable_FinWheel_Mega",
  "Mega-Hornstalk Seed": "/Game/U36_Expansion/Items/Seeds/MegaSeeds/ItemType_Seed_Harvestable_HornStalk_Mega",
  "Mega-Mini Asteroid Simulator Control Panel": "/Game/U36_Expansion/MegaStructures/OrbitalPlatform/ControlPanels/IT_MiniPlanetSelector",
  "Mega-Mini Training Shuttle": "/Game/U36_Expansion/Items/Shuttle/IT_PersonalBeepyShuttle",
  "Mega-Nubcap Seed": "/Game/U36_Expansion/Items/Seeds/MegaSeeds/ItemType_Seed_Harvestable_Nubcap_Mega",
  "Mega-Oxygenator": "/Game/U36_Expansion/PROTO_ASSETS/Biodome/IT_Biodome_OxygenExtractor",
  "Mega-Printer Drone": "/Game/U36_Expansion/MegaStructures/Anchor/IT_MS_Anchor_DronePrinter",
  "Mega-Printer Platform": "/Game/U36_Expansion/MegaStructures/Anchor/IT_MS_Anchor_BuildingPlatform",
  "Mega-Terrain Platform": "/Game/U36_Expansion/MegaStructures/OrbitalPlatform/IT_OrbitalPlatform_TrueFlatPlatform",
  "Megastructure Component Printer": "/Game/U36_Expansion/MegaStructures/Vending_Machine/IT_VendingMachine",
  "Melodic Mushroom": "/Game/U36_Expansion/Items/MusicalMushroom/IT_MusicalMushroom",
  "Methane": "/Game/Items/ItemTypes/Gases/Methane",
  "Mineral Extractor": "/Game/Items/ItemTypes/Components/SedimentFilter",
  "Model Planet": "/Game/U36_Expansion/Items/Decorations/globes/IT_Deco_ModelPlanet",
  "Museum": "/Game/U36_Expansion/MegaStructures/Museum/IT_Museum",
  "Mutant Boomalloon Seed": "/Game/Items/ItemTypes/Seeds/ItemType_Seed_Harmless_ProxPopper",
  "Mutant Elegant Spewflower Seed": "/Game/Items/ItemTypes/Seeds/ItemType_Seed_Harmless_Spewer02",
  "Mutant Hissbine Seed": "/Game/Items/ItemTypes/Seeds/ItemType_Seed_Harmless_Gasbag",
  "Mutant Noxious Cataplant Seed": "/Game/Items/ItemTypes/Seeds/ItemType_Seed_Harmless_Lobber",
  "Mutant Noxious Spewflower Seed": "/Game/Items/ItemTypes/Seeds/ItemType_Seed_Harmless_Spewer01",
  "Mutant Spiny Attactus Seed": "/Game/Items/ItemTypes/Seeds/ItemType_Seed_Harmless_Shooter",
  "Mutant Volatile Attactus Seed": "/Game/Items/ItemTypes/Seeds/ItemType_Seed_Harmless_ExplodeShooter",
  "Mutant Volatile Cataplant Seed": "/Game/Items/ItemTypes/Seeds/ItemType_Seed_Harmless_ExplodeLobber",
  "Nanocarbon Alloy": "/Game/Items/ItemTypes/Composites/NanoCarbonAlloy",
  "Narrow Mod": "/Game/Items/ItemTypes/Components/Augment_PrecisionBrush",
  "New Horizons Probe": "/Game/Items/ItemTypes/WandererProbes/WandererProbe_NH",
  "Nitrogen": "/Game/Items/ItemTypes/Gases/Nitrogen",
  "Novus": "/Game/Items/ItemTypes/Intangibles/Planets/Exotic_Moon_IT",
  "Noxomaton 002": "/Game/Scenarios/Limited/2024_LTE_Anniversary/Anniversary_Item4_IT",
  "Noxothane": "/Game/Scenarios/Limited/2020_LTE_Halloween/ItemDrive_Resource3_2020_LTE_Halloween",
  "Nubcap Seed": "/Game/U36_Expansion/Items/Seeds/ItemType_Seed_Harvestable_Nubcap",
  "Omnugget": "/Game/Scenarios/Limited/2024_LTE_Anniversary/Anniversary_Item6_IT",
  "Orange Firework": "/Game/Items/ItemTypes/Fireworks/ItemType_Firework_Rocket_Base_Orange",
  "Orbital Platform": "/Game/U36_Expansion/Items/TEMP/IT_OPSpawner",
  "Orbital Platform Launch Tube": "/Game/U36_Expansion/PROTO_ASSETS/Wreck/IT_MS_WreckOPDoor",
  "Orbital Platform Stage 1 Package": "/Game/U36_Expansion/MegaStructures/OrbitalPlatform/IT_OrbitalPlatform_Package1",
  "Orbital Platform Stage 2 Package": "/Game/U36_Expansion/MegaStructures/OrbitalPlatform/IT_OrbitalPlatform_Package2",
  "Orbital Platform Stage 3 Package": "/Game/U36_Expansion/MegaStructures/OrbitalPlatform/IT_OrbitalPlatform_Package3",
  "Organic": "/Game/Items/ItemTypes/Minables/Organic",
  "Oxygen": [
    "/Game/Items/ItemTypes/Intermediates/Stored_Oxygen",
    "/Game/Items/ItemTypes/Minables/Oxygen"
  ],
  "Oxygen Filters": "/Game/Items/ItemTypes/Components/Filter",
  "Oxygen Tank": "/Game/Items/ItemTypes/Components/Oxygen_Tank_Small",
  "Oxygenator": [
    "/Game/Items/ItemTypes/Components/Oxygenator_T2",
    "/Game/Items/ItemTypes/Components/Oxygenator_T2_Starter_IT"
  ],
  "Packager": "/Game/Items/ItemTypes/Components/Repackager_T1",
  "Paver": "/Game/Items/ItemTypes/Components/Paver_T2_IT",
  "Pioneer I Spacecraft": "/Game/Items/ItemTypes/WandererProbes/WandererProbe_P1",
  "Plastic": "/Game/Items/ItemTypes/Intermediates/Plastic",
  "Plumefir Seed": "/Game/Items/ItemTypes/Seeds/ItemType_Seed_Tappable_Terran_Tree_a",
  "Plump Sturdysquash": "/Game/Scenarios/Limited/Pumpkins/Pumpkin_Offspring_03_IT",
  "Plump Sturdysquash Seed": "/Game/Scenarios/Limited/Pumpkins/Pumpkin_Seed_Offspring_03_IT",
  "Popcoral Seed": "/Game/Items/ItemTypes/Seeds/ItemType_Seed_Popper_01",
  "Portable D-Cipher": "/Game/U32_Expansion/Items/GlitchShelter/DCipher/GW_DCipher_IT",
  "Portable Oxygenator": "/Game/Items/ItemTypes/Components/Oxygenator_T1",
  "Portable Smelting Furnace": "/Game/Items/ItemTypes/Components/SmelterSmall",
  "Power": "/Game/Items/ItemTypes/Minables/Power",
  "Power Cells": "/Game/Items/ItemTypes/Components/Power_Cells",
  "Power Extender": "/Game/Items/ItemTypes/Components/Extender_Tier1",
  "Power Extenders": "/Game/Items/ItemTypes/Components/ExtenderBundle",
  "Power Sensor": "/Game/Items/ItemTypes/Actuators/Actuator_Power_IT",
  "Power Switch": "/Game/Items/ItemTypes/Power_Items/PowerSwitch_IT",
  "Pricklepod Seed": "/Game/Items/ItemTypes/Seeds/ItemType_Seed_Tappable_Tundra_a",
  "Probe Scanner": "/Game/Items/ItemTypes/Components/ItemType_Scanner_Probe",
  "Proximity Repeater": "/Game/Items/ItemTypes/Actuators/Actuator_Proximity_IT",
  "PUM-KN Shelter": "/Game/Scenarios/Limited/2020_LTE_Halloween/Shelter_T4_Cosmetic_A_IT",
  "QT-RTG": "/Game/Items/ItemTypes/Components/RTG_T1_IT",
  "Quartz": "/Game/Items/ItemTypes/Minables/Quartz",
  "Rail Car": "/Game/Vehicles/Rails/RailCar_ItemType",
  "Rail Engine": "/Game/Vehicles/Rails/RailCar_Engine_ItemType",
  "Rail Junction": "/Game/Vehicles/Rails/RailPost_Junction_ItemType",
  "Rail Junction Bundle": "/Game/Vehicles/Rails/RailPost_JunctionBundle_ItemType",
  "Rail Post": "/Game/Vehicles/Rails/RailPost_Short_ItemType",
  "Rail Post Bundle": "/Game/Vehicles/Rails/RailPost_ShortBundle_ItemType",
  "Rail Station": "/Game/Vehicles/Rails/RailPost_Station_ItemType",
  "Recreational Sphere": "/Game/Items/ItemTypes/Components/Object_Ball_Beach_LargeA_IT",
  "Red Firework": "/Game/Items/ItemTypes/Fireworks/ItemType_Firework_Rocket_Base_Red",
  "Research": "/Game/UX/Research_Indicator",
  "Research Chamber": "/Game/Items/ItemTypes/Components/ResearchModule_Tier2",
  "Research Station": "/Game/Items/ItemTypes/Components/Research_Station",
  "Resin": [
    "/Game/Items/ItemTypes/Minables/Resin",
    "/Game/U36_Expansion/Planets/OrbitalPlatformMiniPlanet/IT_MiniPlanet_Resin"
  ],
  "Resipound": "/Game/Scenarios/Limited/2024_LTE_Anniversary/Anniversary_Ingredient1_IT",
  "Resource Pod": "/Game/U36_Expansion/PROTO_ASSETS/Biodome/IT_Biodome_ResourceStorage",
  "Robo Bonsai": "/Game/U36_Expansion/Items/Decorations/RoboBonsai/IT_Deco_Bonsai",
  "Rosin": "/Game/Items/ItemTypes/Intermediates/Rosin",
  "Round Sturdysquash": "/Game/Scenarios/Limited/Pumpkins/Pumpkin_Offspring_01_IT",
  "Rover Seat": "/Game/Items/ItemTypes/Components/Seat_Medium",
  "RTG": "/Game/Items/ItemTypes/Components/RTG_T2",
  "Rubber": "/Game/Items/ItemTypes/Composites/Rubber",
  "RUBY": "/Game/U32_Expansion/Items/Ruby/Ruby_IT",
  "S.O.U.P.": "/Game/Items/ItemTypes/Intermediates/Fall_Biofuel2024_IT",
  "Scrap": "/Game/Items/ItemTypes/Minables/Scrap",
  "Seed": "/Game/Items/ItemTypes/Components/Spiker_Seed",
  "Shell": "/Game/Items/Snails/ShellSnail_BASE_IT",
  "Shelter": [
    "/Game/Items/ItemTypes/Components/Shelter_T4",
    "/Game/Items/ItemTypes/Components/Shelter_T4_Starter"
  ],
  "Shiny Byte": "/Game/U36_Expansion/Items/Missions/IT_GoldendISK",
  "Shiny Resource Nugget": "/Game/U36_Expansion/Items/Missions/IT_GoldenNugget",
  "Shiny Seed": "/Game/U36_Expansion/Items/Missions/IT_GoldenSeed",
  "Ship in a Bottle": "/Game/U36_Expansion/Items/Decorations/BottledItems/IT_Deco_BottleShip",
  "Shuttle Seat": "/Game/Items/ItemTypes/Components/Seat_Medium_SS",
  "Silicone": "/Game/Items/ItemTypes/Composites/Silicone",
  "Simulated Aquarium": "/Game/U36_Expansion/Items/Decorations/FakeAquarium/IT_Deco_FakeAquarium",
  "Site Pylon": [
    "/Game/Items/ItemTypes/Missions/PlacementActor_RailItem_PylonA2_IT",
    "/Game/Items/ItemTypes/Missions/PlacementActor_RailItem_PylonA_IT",
    "/Game/Items/ItemTypes/Missions/PlacementActor_RailItem_PylonB2_IT",
    "/Game/Items/ItemTypes/Missions/PlacementActor_RailItem_PylonB_IT"
  ],
  "Small Battery": [
    "/Game/Items/ItemTypes/Components/Battery",
    "/Game/U36_Expansion/Items/Missions/IT_GoldenBattery"
  ],
  "Small Camera": "/Game/Items/ItemTypes/Components/ItemType_Camera_T1",
  "Small Canister": "/Game/Items/ItemTypes/Minables/LiquidCanister",
  "Small Generator": "/Game/Items/ItemTypes/Components/Generator_Small",
  "Small Geothermal": "/Game/Items/ItemTypes/Components/Geothermal_Small",
  "Small Print Filter": "/Game/Items/ItemTypes/Components/PrinterCatagoryFilter_Plinth_T1_IT",
  "Small Printer": "/Game/Items/ItemTypes/Components/BreadboardPrinter_T1",
  "Small Printer Plinth": "/Game/Items/ItemTypes/Components/CheatPlinthT1Printer",
  "Small Seat": "/Game/Items/ItemTypes/Components/Seat_Small_Cab",
  "Small Shuttle": "/Game/Items/ItemTypes/Components/Shuttle_T2_ThrusterSlot",
  "Small Solar": "/Game/Items/ItemTypes/Components/Solar_Small",
  "Small Squeaker Horn": "/Game/Items/ItemTypes/Components/Horn_T1-02_IT",
  "Small Trumpet Horn": "/Game/Items/ItemTypes/Components/Horn_T1-01_IT",
  "Small Wind Turbine": "/Game/Items/ItemTypes/Components/Wind_Small_",
  "Smelting Furnace": "/Game/Items/ItemTypes/Components/Smelter",
  "Smiling Spookyseed": "/Game/Scenarios/Limited/Pumpkins/Pumpkin_Seed_Offspring_02_IT",
  "Smiling Spookysquash": "/Game/Scenarios/Limited/Pumpkins/Pumpkin_Offspring_02_IT",
  "Snow Globe": "/Game/U36_Expansion/Items/Decorations/BottledItems/IT_Deco_BottleOP",
  "Soil": "/Game/Items/ItemTypes/Minables/Sediment",
  "Soil Centrifuge": "/Game/Items/ItemTypes/Components/MineralExtractor",
  "Solar Array": "/Game/Items/ItemTypes/Components/Solar_Array_T4",
  "Solid-Fuel Jump Jet": "/Game/Items/ItemTypes/Components/ConsumableJumpjet_IT",
  "Solid-Fuel Thruster": "/Game/Items/ItemTypes/Components/Thruster_Consumable",
  "Spewflower Sample": "/Game/Items/ItemTypes/Researchables/Hazards/ItemType_Researchable_Spewer_01",
  "Sphalerite": "/Game/Items/ItemTypes/Minables/Sphalerite",
  "Sphere": "/Game/U36_Expansion/Planets/OrbitalPlatformMiniPlanet/IT_MiniPlanet_Sphere",
  "Spinelily Seed": [
    "/Game/Items/ItemTypes/Seeds/ItemType_Seed_Bouncer_Lily_01",
    "/Game/Items/ItemTypes/Seeds/ItemType_Seed_Bouncer_Lily_02",
    "/Game/Items/ItemTypes/Seeds/ItemType_Seed_Bouncer_Lily_03"
  ],
  "Splitter": "/Game/Items/ItemTypes/Components/Splitter_3Way_IT",
  "Sputnik Satellite": "/Game/Items/ItemTypes/WandererProbes/WandererProbe_Sputnik",
  "Squasholine": "/Game/Scenarios/Limited/2020_LTE_Halloween/ItemDrive_Resource1_2020_LTE_Halloween",
  "Squashothane": "/Game/Scenarios/Limited/2024_LTE_Anniversary/Anniversary_Item2_IT",
  "Starting Medium Printer": "/Game/Items/ItemTypes/Components/BreadboardPrinter_T2_Starter",
  "Starting Platform": "/Game/Items/ItemTypes/Components/Breadboard_Tier2_Starter",
  "Steel": "/Game/Items/ItemTypes/Composites/Steel",
  "Stellar Object": "/Game/Items/ItemTypes/HolidayLTE_2019/Holiday_Star1_IT",
  "Storage Sensor": "/Game/Items/ItemTypes/Actuators/Actuator_Storage_IT",
  "STORM DATA": "/Game/U32_Expansion/Items/Resources/ResourceNugget_StormData_04_IT",
  "Stretchpetal Seed": "/Game/Items/ItemTypes/Seeds/ItemType_Seed_Tappable_Exotic_Tree_a",
  "Stunted Spookyseed": "/Game/Scenarios/Limited/Pumpkins/Pumpkin_Seed_Offspring_04_IT",
  "Stunted Spookysquash": "/Game/Scenarios/Limited/Pumpkins/Pumpkin_Offspring_04_IT",
  "Sturdysquash Sample": "/Game/Scenarios/Limited/Pumpkins/Pumpkin_Research_IT",
  "Sturdysquash Seed": [
    "/Game/Scenarios/Limited/Pumpkins/Pumpkin_Seed_Mega_IT",
    "/Game/Scenarios/Limited/Pumpkins/Pumpkin_Seed_Offspring_01_IT"
  ],
  "Sulfur": "/Game/Items/ItemTypes/Gases/Sulfur",
  "Sylva": "/Game/Items/ItemTypes/Intangibles/Planets/Terran",
  "Tall Platform": "/Game/Items/ItemTypes/Components/Platform_Tall_T2x1_T1x4_P3_IT",
  "Tall Rail Post": "/Game/Vehicles/Rails/RailPost_Tall_ItemType",
  "Tall Rail Post Bundle": "/Game/Vehicles/Rails/RailPost_TallBundle_ItemType",
  "Tall Storage": "/Game/Items/ItemTypes/Components/Storage_Tall_T2_T1x3_IT",
  "Tapper": "/Game/Items/ItemTypes/Components/ResourceTapper",
  "Teal Firework": "/Game/Items/ItemTypes/Fireworks/ItemType_Firework_Rocket_Base_Teal",
  "Terrain Analyzer": "/Game/Items/ItemTypes/Components/TerrainAnalyzer",
  "Terrain Anchor": "/Game/Items/ItemTypes/Components/LodAnchorPost",
  "Terrarium": [
    "/Game/Items/Snails/MissionItems/Terrarium_Snail_Capture_Atrox_IT",
    "/Game/Items/Snails/MissionItems/Terrarium_Snail_Capture_Calidor_IT",
    "/Game/Items/Snails/MissionItems/Terrarium_Snail_Capture_Desolo_IT",
    "/Game/Items/Snails/MissionItems/Terrarium_Snail_Capture_Glacio_IT",
    "/Game/Items/Snails/MissionItems/Terrarium_Snail_Capture_Novus_IT",
    "/Game/Items/Snails/MissionItems/Terrarium_Snail_Capture_Sylva_IT",
    "/Game/Items/Snails/MissionItems/Terrarium_Snail_Capture_Vesania_IT"
  ],
  "Tether Dropper": "/Game/U36_Expansion/Items/TetherBooper/IT_TetherBooper",
  "Tethers": [
    "/Game/Items/ItemTypes/Components/TetherBundle",
    "/Game/Items/ItemTypes/Components/TetherPost"
  ],
  "Thistlewhip Seed": "/Game/Items/ItemTypes/Seeds/ItemType_Seed_Knocker_Flower_01",
  "Tin": "/Game/Items/ItemTypes/Intermediates/Tin",
  "Titanite": "/Game/Items/ItemTypes/Minables/Titanite",
  "Titanium": "/Game/Items/ItemTypes/Intermediates/Titanium",
  "Titanium Alloy": "/Game/Items/ItemTypes/Composites/TitaniumAlloy",
  "Tractor": "/Game/Items/ItemTypes/Components/RoverT1",
  "Trade Platform": "/Game/Items/ItemTypes/Components/Trade_Module",
  "Trailer": "/Game/Items/ItemTypes/Components/RoverT2B",
  "TROPHY": "/Game/U36_Expansion/Items/Missions/IT_GoldenAstro",
  "Tuberyl Seed": "/Game/Scenarios/Limited/2024_LTE_Fall/Fall_2024_Seed_Leek_IT",
  "Tungsten": "/Game/Items/ItemTypes/Intermediates/Tungsten",
  "Tungsten Carbide": "/Game/Items/ItemTypes/Composites/TungstenCarbide",
  "Unknown Biofuel": "/Game/Scenarios/Limited/2024_LTE_Anniversary/Anniversary_Item8_IT",
  "Used Solid-Fuel Thruster": "/Game/Items/ItemTypes/POI_Elements/ItemType_Wrecked_ConsumableThrusterT2",
  "Vault Seeker": "/Game/Items/ItemTypes/Components/ItemType_Scanner_Vault",
  "Vehicle Bay": "/Game/Items/ItemTypes/Components/Printer_Vehicles",
  "Vehicle Data Recorder": [
    "/Game/Items/ItemTypes/Destructibles/Destructible_PlacementActor_MissionA_IT",
    "/Game/Items/ItemTypes/Destructibles/Destructible_PlacementActor_MissionB_IT"
  ],
  "Vesania": "/Game/Items/ItemTypes/Intangibles/Planets/Exotic",
  "Violet Firework": "/Game/Items/ItemTypes/Fireworks/ItemType_Firework_Rocket_Base_Violet",
  "Voyager 2 Probe": "/Game/Items/ItemTypes/WandererProbes/WandererProbe_Voy2",
  "VTOL": "/Game/Vehicles/VTOL/VTOL_IT",
  "Walkway": [
    "/Game/U36_Expansion/Items/Splines/IT_SplinePost_Short",
    "/Game/U36_Expansion/Items/Splines/IT_SplinePost_Tall"
  ],
  "Walkway Bundle": [
    "/Game/U36_Expansion/Items/Splines/IT_SplinePost_ShortBundle",
    "/Game/U36_Expansion/Items/Splines/IT_SplinePost_TallBundle"
  ],
  "Wheezeweed Seed": "/Game/Items/ItemTypes/Seeds/ItemType_Seed_Knocker_Whoop_01",
  "Wide Mod": "/Game/Items/ItemTypes/Components/Augment_BroadBrush",
  "Wild Sturdysquash": "/Game/Scenarios/Limited/Pumpkins/Pumpkin_Parent_IT",
  "Winch": "/Game/Items/ItemTypes/Components/Winch",
  "Wolframite": "/Game/Items/ItemTypes/Minables/Wolframite",
  "Worklight": "/Game/Items/ItemTypes/WorkLight",
  "Xenobiology Lab Wreckage": "/Game/Items/Snails/MissionItems/Snails_MissionsHub_IT",
  "XL Extended Platform": "/Game/Items/ItemTypes/Components/Platform_Long_T3x1_T2x2_P4_IT",
  "XL Sensor Arch": "/Game/Items/ItemTypes/Components/Platform_Arch_t2x3_t1x3_p2",
  "XL Sensor Canopy": "/Game/Items/ItemTypes/Components/Platform_Net_T2x6_T1x1_P4_IT",
  "XL Sensor Hoop A": "/Game/Items/ItemTypes/Components/Platform_Ring_t2x3_t1x3_p3_IT",
  "XL Sensor Hoop B": "/Game/Items/ItemTypes/Components/Platform_Ring_t2x6_t1x6_p3_IT",
  "XL Wind Turbine": "/Game/Items/ItemTypes/Components/Wind_XL_IT",
  "Yellow Firework": "/Game/Items/ItemTypes/Fireworks/ItemType_Firework_Rocket_Base_Yellow",
  "Zeta Storm Data": "/Game/U32_Expansion/Items/Resources/ResourceNugget_StormData_03_IT",
  "Zinc": "/Game/Items/ItemTypes/Intermediates/Zinc"
}